Прізвище,Ім'я,По батькові,Стать,Дата народження,Посада,Місто,Адреса,Телефон,Email
Іваничук,Камілла,Сергіївна,Жіноча,29.11.1980,Системний адміністратор,хутір Армянськ,"узвіз Лінія 45-та, буд. 91 кв. 0, Старий Самбір, 25380",+380 24 630-45-42,tvenhrynovych@example.org
Бабенко,Мирон,Володимирович,Чоловіча,06.07.1968,UI/UX дизайнер,селище Сіверськодонецьк,"проспект Ширяївський, буд. 99 кв. 3, Оріхів, 15039",+380 99 678-51-86,valentynhabelko@example.com
Павличенко,Станіслав,Петрович,Чоловіча,26.01.1952,Системний адміністратор,місто Ізмаїл,"сквер Олешківська, буд. 46, Зугрес, 75415",+380 18 436 09 11,zharkospas@example.org
Верховинець,Аарон,Денисович,Чоловіча,19.09.2009,UI/UX дизайнер,село Добропілля,"вулиця Моторний 3-й, буд. 842 кв. 7, Попасна, 40302",536 84 35,semen48@example.net
Лавренко,Марія,Володимирівна,Жіноча,24.06.1981,Тестувальник,місто Долинська,"сквер Акордна, буд. 61, Дружківка, 47104",669-08-22,galaganvadym@example.net
Шиян,Маруся,Михайлівна,Жіноча,26.05.1963,UI/UX дизайнер,місто Скалат,"набережна Дача Ковалевського, буд. 2 кв. 90, Тетіїв, 65674",093 562-36-36,baranykhryhorii@example.com
Шухевич,Тимофій,Степанович,Чоловіча,27.07.1976,Системний адміністратор,селище Зборів,"набережна Зелена балка, буд. 1, Нововолинськ, 70931",060 269 60 17,ureva@example.net
Гук,Станіслав,Богданович,Чоловіча,30.11.1992,Системний адміністратор,місто Гірське,"набережна Житомирський 3-й, буд. 20 кв. 395, Городище, 66239",+380 96 033 51 97,liubov81@example.net
Їжак,Орися,Петрівна,Жіноча,31.05.1987,Backend розробник,селище Лебедин,"проспект Ф. Пішеніна, буд. 27 кв. 66, Красилів, 10080",+380 65 334-10-83,gzubko@example.com
Гуцуляк,Соломон,Юрійович,Чоловіча,19.08.1968,Тестувальник,місто Новий Буг,"узвіз Маршрутна, буд. 21 кв. 69, Кіцмань, 98706",+380 40 555 64 66,tbabiichuk@example.org
Вдовиченко,Лариса,Артемівна,Жіноча,28.06.1986,Системний адміністратор,місто Суми,"набережна Альтовий, буд. 105, Теребовля, 69808",+380 51 033-30-49,tokarpriska@example.com
Фаренюк,Симон,Сергійович,Чоловіча,16.10.2006,Backend розробник,місто Горохів,"провулок Святослава Ріхтера, буд. 807 кв. 204, Куп'янськ, 34742",830 32 13,ielysaveta79@example.org
Охріменко,Азар,Євгенович,Чоловіча,01.05.1978,Системний адміністратор,село Сватове,"проспект Дачний, буд. 667, Дубно, 42880",217 72 19,iustymhuzenko@example.net
Чорновіл,Лариса,Олексіївна,Жіноча,02.04.1979,Аналітик,село Житомир,"узвіз Басейна, буд. 26 кв. 1, Миронівка, 18108",012 634-60-27,iaryna46@example.org
Ковалюк,Златослава,Віталіївна,Жіноча,23.11.1999,Тестувальник,місто Бердичів,"провулок Гілельса, буд. 2, Алупка, 96305",+380 (47) 222-16-37,kostiantyn07@example.net
Гунько,Юстина,Володимирівна,Жіноча,07.02.1987,Backend розробник,село Васильків,"провулок Андрія Музичка, буд. 20 кв. 898, Малин, 28605",+380 63 359 60 49,arkadiifranko@example.org
Венгринович,Іван,Русланович,Чоловіча,06.05.1982,UI/UX дизайнер,місто Жидачів,"площа Монгольська, буд. 7 кв. 4, Рожище, 13268",032 138-69-62,medvedenkoamaliia@example.org
Василашко,Амалія,Євгенівна,Жіноча,06.11.2000,Тестувальник,село Миронівка,"набережна Дорбуду, буд. 75, Лохвиця, 07207",+380 (44) 117-57-74,bevzstanislav@example.com
Ірванець,Ганна,Сергіївна,Жіноча,16.05.1976,Системний адміністратор,селище Полтава,"вулиця Закарпатська, буд. 0, Черкаси, 28324",+380 85 194-18-34,qreva@example.com
Єресько,Сніжана,Денисівна,Жіноча,26.09.1968,UI/UX дизайнер,селище Хоростків,"шосе Красний, буд. 577, Глухів, 31185",+380 87 962 53 30,nataliiaazhazha@example.com
Тягнибок,Роман,Віталійович,Чоловіча,21.03.1995,UI/UX дизайнер,село Хирів,"набережна Садова, буд. 39, Городня, 45641",919 96 68,leontii05@example.org
Дашкевич,Панас,Денисович,Чоловіча,03.10.2003,Аналітик,село Синельникове,"проспект Валерія Самофалова, буд. 081 кв. 68, Бурштин, 70199",980 36 02,oleksandr22@example.com
Сиротенко,Теодор,Петрович,Чоловіча,13.04.1951,Системний адміністратор,селище Красилів,"набережна Хаджибейський 2-й, буд. 4, Чистякове, 40634",878 92 75,ievtushokoksana@example.net
Тягнибок,Устим,Павлович,Чоловіча,11.04.1980,Тестувальник,село Конотоп,"набережна Медовий, буд. 877, Зугрес, 49572",841 57 92,sofiiavdovenko@example.org
Макаренко,Камілла,Іванівна,Жіноча,10.03.1950,UI/UX дизайнер,село Сокиряни,"набережна Городня, буд. 3, Жмеринка, 87653",093 528 78 65,qzhaivoron@example.net
Андрієнко,Розалія,Артемівна,Жіноча,20.03.1981,Аналітик,хутір Арциз,"провулок Житомирська, буд. 6 кв. 5, Сміла, 67120",377 42 39,jkyrylenko@example.com
Носенко,Роман,Вікторович,Чоловіча,12.06.1981,UI/UX дизайнер,місто Кам'янка (Черкаська область),"вулиця Стрийський, буд. 55 кв. 36, Сколе, 32264",+380 75 255 53 11,pavlenkoanita@example.org
Ляшко,Антон,Олексійович,Чоловіча,31.12.1983,DevOps інженер,село Белз,"вулиця Банний, буд. 10, Апостолове, 01566",088 385-74-03,vhavriushenko@example.com
Адаменко,Станіслав,Вікторович,Чоловіча,01.09.1994,Аналітик,село Скадовськ,"провулок Болградська, буд. 69 кв. 96, Хрестівка, 71846",+380 (55) 128-31-76,iustyna05@example.net
Джунь,Азар,Михайлович,Чоловіча,03.12.1989,Аналітик,селище Слов'янськ,"провулок Військово-морських сил, буд. 93, Тлумач, 22164",+380 47 980-99-95,vasylynakabaliuk@example.net
Яремків,Ірина,Андріївна,Жіноча,03.04.1967,DevOps інженер,місто Рубіжне,"проспект Академіка Сахарова, буд. 75, Устилуг, 98810",961-53-65,vasylevychartem@example.com
Шаповал,Оксана,Володимирівна,Жіноча,07.07.2009,Тестувальник,селище Жданівка,"проспект Сортувальна 1-ша, буд. 9, Ізмаїл, 66081",+380 29 753 43 17,pvernydub@example.com
Єфименко,Дмитро,Богданович,Чоловіча,04.07.1950,Тестувальник,місто Мелітополь,"вулиця Вапняний 1-й, буд. 69 кв. 234, Костянтинівка, 59806",778-55-21,yskyba@example.org
Шовкопляс,Алла,Богданівна,Жіноча,20.02.2005,Backend розробник,село Глиняни,"узвіз Офіцерський 1-й, буд. 274 кв. 54, Луцьк, 49864",+380 (27) 989-24-64,parmenbabiichuk@example.org
Титаренко,Оксана,Олексіївна,Жіноча,30.04.2009,Backend розробник,селище Шпола,"площа Аеропортівський 6-й, буд. 2, Броди, 86957",529 42 13,kalchenkovasyl@example.org
Абраменко,Анастасія,Сергіївна,Жіноча,12.11.2003,UI/UX дизайнер,селище Фастів,"шосе Юннатів, буд. 37 кв. 0, Копичинці, 54329",065 077 09 28,danyloivasiuk@example.org
Шаповал,Єфрем,Вікторович,Чоловіча,04.11.1970,DevOps інженер,село Старий Самбір,"провулок Інглезі, буд. 751 кв. 565, Теплодар, 15367",+380 95 129-22-70,cfomenko@example.net
Ґалаґан,Гордій,Олегович,Чоловіча,22.05.1970,Системний адміністратор,хутір Луцьк,"шосе Улицька, буд. 84, Прилуки, 98935",+380 18 426 78 86,roksolanatsushko@example.com
Корсун,Алевтин,Богданович,Чоловіча,12.02.2003,Тестувальник,селище Липовець,"площа Нерубайська, буд. 9, Кодима, 81350",+380 32 920-28-99,mkozachenko@example.com
Захарченко,Лариса,Русланівна,Жіноча,22.06.1984,Backend розробник,село Торецьк,"сквер Парусна, буд. 3, Белз, 77073",+380 71 638 40 28,fprytula@example.com
Полтавець,Арсен,Павлович,Чоловіча,20.06.1994,Системний адміністратор,хутір Борислав,"площа Чорноморський 6-й, буд. 923 кв. 3, Вижниця, 39579",989-81-71,viktoriiaonishchuk@example.org
Дубина,Богуслава,Богданівна,Жіноча,25.05.1997,Тестувальник,хутір Новоград-Волинський,"площа Вінницька, буд. 18, Лисичанськ, 16251",+380 (97) 786-69-37,mykytahrechanyk@example.org
Онуфрієнко,Іван,Петрович,Чоловіча,04.05.1987,Системний адміністратор,село Нова Каховка,"сквер Привокзальна, буд. 74, Новодністровськ, 36415",+380 (87) 664-80-70,svitlana04@example.org
Засуха,Лесь,Максимович,Чоловіча,07.06.1972,Backend розробник,місто Мелітополь,"узвіз Кільовий, буд. 188 кв. 19, Турка, 89703",+380 (39) 530-55-07,stepan66@example.com
Дробʼязко,Алевтин,Юрійович,Чоловіча,19.06.1971,Аналітик,хутір Зеленодольськ,"шосе Текстильників, буд. 1 кв. 68, Хуст, 98385",+380 98 454-82-50,cbaran@example.org
Щербань,Аніта,Євгенівна,Жіноча,17.05.1947,Тестувальник,хутір Березівка,"набережна Аптекарський, буд. 8 кв. 728, Берестечко, 74940",092-61-45,olha46@example.com
Чекалюк,Юстим,Степанович,Чоловіча,23.08.1953,Аналітик,хутір Лисичанськ,"площа Миргородський, буд. 140 кв. 98, Турка, 51279",784 96 01,klyment16@example.org
Вишняк,Тимофій,Євгенович,Чоловіча,05.11.1996,Аналітик,село Тисмениця,"провулок Байдарочний, буд. 42 кв. 274, Хотин, 59587",098 690-74-04,wshchors@example.org
Баранник,Петро,Віталійович,Чоловіча,24.05.1952,Backend розробник,хутір Ромни,"вулиця Красива, буд. 3 кв. 3, Семенівка, 86239",031 714 97 68,valeriilevchenko@example.org
Юрчук,Марко,Олексійович,Чоловіча,13.07.1955,Backend розробник,село Білопілля,"вулиця Макова, буд. 1, Бурштин, 67931",654 47 18,orkhyp09@example.com
Гайдабура,Леонтій,Олексійович,Чоловіча,24.11.1954,Системний адміністратор,місто Батурин,"парк Кощового отамана, буд. 955, Новомиргород, 37668",+380 98 975-68-81,irynaonufriienko@example.net
Симоненко,Дмитро,Олексійович,Чоловіча,05.04.1970,Системний адміністратор,село Василівка,"проспект Ризька, буд. 3, Бориспіль, 92701",+380 54 307-01-59,efesenko@example.net
Жайворон,Амвросій,Андрійович,Чоловіча,24.01.1952,Тестувальник,хутір Золоте,"сквер Дача Ковалевського, буд. 501 кв. 680, Борзна, 76311",832-47-16,serhiiprotsenko@example.com
Назаренко,Єфрем,Тарасович,Чоловіча,13.01.1991,UI/UX дизайнер,хутір Олешки,"проспект Юннатів 1-й, буд. 71, Щолкіне, 90435",+380 (38) 079-16-30,moskalvadym@example.org
Баранник,Ганна,Олексіївна,Жіноча,26.02.2007,Тестувальник,село Багачеве,"вулиця Мусіна, буд. 8 кв. 559, Чернігів, 28159",+380 (73) 918-77-93,andriishynalbina@example.com
Гаєвський,Хома,Іванович,Чоловіча,04.08.1948,DevOps інженер,місто Сіверськодонецьк,"сквер Басейна, буд. 325, Слов'янськ, 22326",489 51 43,aaron90@example.org
Жадан,Герман,Русланович,Чоловіча,29.01.2006,Backend розробник,місто Верхньодніпровськ,"шосе Олександрійський, буд. 1, Суми, 74591",+380 (72) 828-75-06,erikamalyshko@example.com
Мазур,Йосип,Богданович,Чоловіча,14.04.2005,Backend розробник,селище Біла Церква,"парк Березовий, буд. 25, Зміїв, 25338",+380 (71) 991-26-09,zakharonyshchenko@example.com
Жученко,Камілла,Володимирівна,Жіноча,28.08.1964,Тестувальник,селище Гірник,"шосе Болгарська, буд. 536, Стебник, 18955",730-79-06,okhrimenkomyron@example.com
Чорновіл,Леон,Олексійович,Чоловіча,25.08.1975,Аналітик,селище Городище,"шосе Отамана Головатого, буд. 18 кв. 244, Добропілля, 99027",097 052 02 00,whohol-ianovska@example.net
Бараник,Орина,Богданівна,Жіноча,13.03.1980,UI/UX дизайнер,селище Переяслав,"провулок Польовий 1-й, буд. 587 кв. 0, Лозова, 45753",366-68-24,liliiavernyhora@example.com
Колесниченко,Михайло,Володимирович,Чоловіча,07.03.1956,DevOps інженер,селище Березань,"набережна Платанова, буд. 0 кв. 35, Лубни, 08373",003 645 33 82,violettaievtushok@example.org
Шовкопляс,Леонід,Сергійович,Чоловіча,11.12.1948,DevOps інженер,хутір Гребінка,"парк Пироговська, буд. 48 кв. 222, Житомир, 27165",577 90 52,emiliia76@example.com
Єрченко,Мирон,Тарасович,Чоловіча,06.12.1957,Системний адміністратор,селище Отаманівка,"набережна Пересипський 2-й, буд. 129 кв. 5, Керч, 46866",078 438 71 65,anzhela28@example.org
Онищенко,Захар,Тарасович,Чоловіча,21.05.1952,Системний адміністратор,місто Чорнобиль,"узвіз Фруктовий, буд. 9 кв. 12, Сорокине, 61575",+380 20 689-16-51,chalaihor@example.com
Юрчишин,Емілія,Олексіївна,Жіноча,17.05.1964,Системний адміністратор,хутір Володимир-Волинський,"парк Аеропортівський 2-й, буд. 194 кв. 0, Старий Крим, 74500",014 961-21-97,pkarpenko@example.org
Габелко,Валентина,Сергіївна,Жіноча,18.02.1957,Аналітик,село Лутугине,"проспект Новоберегова, буд. 8 кв. 18, Берегове, 56176",+380 05 132-61-15,arkadii50@example.net
Василенко,Алла,Сергіївна,Жіноча,16.06.2003,UI/UX дизайнер,місто Євпаторія,"вулиця Лятошинського, буд. 22 кв. 964, Саки, 12224",+380 35 810-89-19,bevzodarka@example.com
Наливайко,Лукʼян,Євгенович,Чоловіча,24.10.1972,Backend розробник,місто Кам'янське,"набережна Восьмого березня 8-й, буд. 09 кв. 729, Болехів, 30741",+380 (01) 974-80-23,ualekseienko@example.com
Лемешко,Борис,Артемович,Чоловіча,27.08.1948,DevOps інженер,хутір Здолбунів,"вулиця Трамвайний, буд. 7, Яремче, 83223",327 56 10,leontiirak@example.com
Михайличенко,Яків,Максимович,Чоловіча,17.07.1955,Backend розробник,хутір Радомишль,"парк Тепличний 1-й, буд. 76 кв. 280, Ізяслав, 01698",+380 44 830 47 65,bohuslavatereshchenko@example.org
Іщак,Розалія,Олегівна,Жіноча,19.07.1953,Тестувальник,місто Сорокине,"площа Черкаська, буд. 9 кв. 958, Белз, 72119",+380 67 534-45-44,xvanchenko@example.com
Охримович,Святослав,Сергійович,Чоловіча,28.07.1973,UI/UX дизайнер,село Волноваха,"проспект Академіка Ясиновського, буд. 1, Миронівка, 72949",+380 16 686-53-98,dankopavlo@example.org
Малишко,Феофан,Вікторович,Чоловіча,26.04.1959,UI/UX дизайнер,селище Бровари,"сквер Сонячна, буд. 2 кв. 32, Новомиргород, 74456",+380 66 949-29-39,mrudyk@example.com
Пушкар,Кирило,Павлович,Чоловіча,21.01.1961,Backend розробник,село Радивилів,"узвіз Халайджогло, буд. 2, Новгород-Сіверський, 27357",617-37-32,bizhak@example.net
Ващук,Данило,Тарасович,Чоловіча,24.07.2009,Тестувальник,селище Чернігів,"парк Десантний, буд. 38 кв. 36, Збараж, 52838",+380 27 607 36 36,shapovalmilena@example.com
Базавлученко,Орест,Віталійович,Чоловіча,14.01.1950,Backend розробник,село Суми,"сквер Барвінковий, буд. 8, Добропілля, 30041",+380 24 067-35-67,bvasylechko@example.net
Калениченко,Альбіна,Віталіївна,Жіноча,19.05.1959,Системний адміністратор,хутір Олександрія,"шосе Дубова, буд. 2, Дрогобич, 96940",+380 89 752-85-25,shelestkhrystyna@example.com
Палій,Марина,Денисівна,Жіноча,14.08.2001,Аналітик,хутір Теребовля,"шосе Стеценко, буд. 057 кв. 1, Гола Пристань, 07024",043 820-24-80,alla18@example.com
Акименко,Алевтин,Володимирович,Чоловіча,04.03.2005,UI/UX дизайнер,хутір Ялта,"провулок Юннатів 1-й, буд. 717 кв. 8, Буринь, 12146",+380 67 177-68-06,venedykt53@example.org
Ярема,Зорян,Володимирович,Чоловіча,22.10.1956,Backend розробник,місто Корсунь-Шевченківський,"набережна Виїзна, буд. 83, Богодухів, 82045",+380 90 222-11-23,ieva13@example.org
Балабан,Надія,Олексіївна,Жіноча,11.04.1972,DevOps інженер,хутір Харків,"вулиця Ватманський, буд. 805, Яготин, 77812",870-20-42,umanetshlib@example.org
Ребрик,Арсен,Русланович,Чоловіча,22.08.1978,Аналітик,селище Монастириська,"набережна Юннатів 2-й, буд. 80 кв. 08, Бібрка, 71187",043 426 01 21,lutsenkoherman@example.org
Ващенко,Петро,Русланович,Чоловіча,01.09.1951,Тестувальник,село Благовіщенське,"набережна Композитора Вербицького, буд. 325 кв. 106, Сорокине, 22589",+380 (24) 571-43-19,ibandera@example.net
Гузій,Єлисавета,Петрівна,Жіноча,20.07.1999,Системний адміністратор,селище Березань,"провулок Лазурний 3-й, буд. 563 кв. 774, Горішні Плавні, 95877",+380 (89) 787-94-02,zlatoslavashukhevych@example.org
Пушкар,Вадим,Олегович,Чоловіча,09.02.1976,DevOps інженер,хутір Ірпінь,"набережна Бернардацці, буд. 4 кв. 6, Перечин, 39410",645 34 67,rvanchenko@example.net
Онуфрієнко,Анжела,Юріївна,Жіноча,20.08.1973,Backend розробник,село Горохів,"вулиця Скляний 3-й, буд. 7, Баранівка, 52132",+380 52 379-62-61,mykhailo64@example.net
Козак,Богдан,Іванович,Чоловіча,06.04.2002,Системний адміністратор,хутір Конотоп,"узвіз Іванівський переїзд, буд. 343, Нова Одеса, 92451",770-77-30,iiashchenko@example.com
Башполченко,Тереза,Євгенівна,Жіноча,20.03.1967,Backend розробник,селище Південне,"набережна Наявний 3-й, буд. 385, Радехів, 96611",+380 87 731-90-16,dierchenko@example.com
Забіла,Ірена,Іванівна,Жіноча,30.05.1951,DevOps інженер,хутір Славутич,"сквер Зоопаркова, буд. 0 кв. 51, Донецьк, 14915",422-88-50,oleksa43@example.com
Сомко,Франц,Сергійович,Чоловіча,01.11.1972,Тестувальник,місто Бердичів,"набережна Окружна, буд. 91 кв. 84, Ізюм, 31564",+380 24 533-52-89,petrykzakhar@example.net
Литвин,Зорян,Артемович,Чоловіча,05.03.1946,Backend розробник,селище Дебальцеве,"парк Сосюри, буд. 846 кв. 39, Федорівка, 76193",942 19 62,thres@example.org
Лавренко,Михайлина,Максимівна,Жіноча,03.01.1954,Тестувальник,хутір Кодима,"набережна Скляна, буд. 89 кв. 6, Федорівка, 66373",+380 (39) 229-03-32,fmykytiuk@example.org
Ляшко,Святослава,Вікторівна,Жіноча,25.05.2008,Backend розробник,село Селидове,"проспект Карпенка-Карого, буд. 95, Мена, 42060",+380 29 407-80-82,zasenkoostap@example.com
Забіла,Ігор,Євгенович,Чоловіча,06.12.1977,DevOps інженер,село Тетіїв,"сквер Валерія Лобановського, буд. 03 кв. 671, Волочиськ, 66125",650 27 74,sviatoslaviermolenko@example.net
Масляк,Дмитро,Євгенович,Чоловіча,11.05.1948,Системний адміністратор,селище Тлумач,"узвіз Станційна 1-ша, буд. 6, Чугуїв, 96790",+380 27 135 94 61,malykpetro@example.com
Гаврилишина,Емілія,Юріївна,Жіноча,01.02.2011,UI/UX дизайнер,місто Чугуїв,"парк Маловського, буд. 694, Перещепине, 40582",776-38-42,kyrylo22@example.net
Сімашкевич,Георгій,Олегович,Чоловіча,01.05.1991,Системний адміністратор,село Міусинськ,"узвіз Скліфосовського, буд. 690 кв. 23, Старобільськ, 53559",+380 (93) 777-17-28,eieresko@example.org
Дейнеко,Болеслав,Богданович,Чоловіча,30.12.2007,DevOps інженер,місто Канів,"узвіз Світанку, буд. 4, Вашківці, 54582",+380 01 724-57-48,azardrobiazko@example.net
Тягнибок,Марта,Богданівна,Жіноча,17.01.1956,DevOps інженер,село Кагарлик,"вулиця Нафтовиків 1-й, буд. 817, Городенка, 10432",000 093 11 24,gparasiuk@example.org
Цюпа,Єлисей,Сергійович,Чоловіча,18.05.1977,UI/UX дизайнер,місто Рожище,"вулиця Софії Перовської, буд. 6 кв. 4, Кропивницький, 71584",+380 74 030 41 87,zhaivoronnazar@example.net
Філіпенко,Тарас,Максимович,Чоловіча,11.08.2002,Системний адміністратор,хутір Хотин,"парк Кордонна, буд. 943, Олевськ, 32722",+380 85 144-28-24,chmilvolodymyr@example.org
Василашко,Орися,Петрівна,Жіноча,10.08.1973,Backend розробник,хутір Коростень,"сквер Софіївська, буд. 331, Рогатин, 19954",+380 (66) 311-41-14,boleslav75@example.com
Ніколюк,Нестор,Михайлович,Чоловіча,04.02.1971,Backend розробник,село Олександрія,"сквер Промисловий, буд. 5, Нова Одеса, 19388",+380 71 954-38-55,lubenetsarkadii@example.net
Даценко,Олесь,Віталійович,Чоловіча,14.01.1974,Тестувальник,селище Кодима,"парк Цебриківська, буд. 56, Ніжин, 89281",090 909 17 68,zinchukmykyta@example.net
Давиденко,Болеслав,Русланович,Чоловіча,21.06.1952,Backend розробник,село Херсон,"вулиця Лінія 31-ша, буд. 68, Козятин, 34155",+380 08 203-75-26,fonufriienko@example.org
Іваненко,Лариса,Олексіївна,Жіноча,04.08.1955,DevOps інженер,село Дружківка,"площа Проектований 4-й, буд. 942 кв. 73, Чернігів, 31101",048 910 42 02,jdrobiazko@example.org
Симоненко,Григорій,Юрійович,Чоловіча,28.06.2004,DevOps інженер,селище Гребінка,"узвіз Остапа Вишні, буд. 5 кв. 026, Костянтинівка, 20144",+380 56 302-85-68,valentyn14@example.net
Бебешко,Семен,Степанович,Чоловіча,23.01.1953,UI/UX дизайнер,місто Мерефа,"площа Хаджибейський 1-й, буд. 636 кв. 9, Покровськ, 51793",+380 20 981 21 41,nvernydub@example.net
Артимишин,Вʼячеслав,Юрійович,Чоловіча,12.01.1973,Backend розробник,село Таврійськ,"шосе Шкільний, буд. 59 кв. 028, Могилів-Подільський, 71533",048 296 35 97,novcharenko@example.com
Жайворон,Сергій,Тарасович,Чоловіча,27.01.1948,Системний адміністратор,місто Полтава,"вулиця Проїзний 3-й, буд. 60, Гуляйполе, 45129",+380 74 146 82 12,zlatoslava58@example.net
Засенко,Вʼячеслав,Вікторович,Чоловіча,20.01.2001,Backend розробник,хутір Олександрівськ,"вулиця Гранатна, буд. 763 кв. 694, Тлумач, 23485",+380 38 294-36-78,lizamedvedenko@example.com
Христенко,Віолетта,Андріївна,Жіноча,12.12.1946,Тестувальник,хутір Сарни,"площа Восьмого березня 3-й, буд. 07 кв. 5, Татарбунари, 65423",+380 85 223-32-29,avhustynkovaliuk@example.org
Адаменко,Петро,Сергійович,Чоловіча,02.06.2009,Аналітик,село Борислав,"провулок Заводська 2-га, буд. 8, Бахмут, 56823",+380 54 515-92-68,arkadii02@example.com
Базилевич,Макар,Михайлович,Чоловіча,26.06.1947,Системний адміністратор,село Вовчанськ,"шосе Лінія 24-та, буд. 214, Черкаси, 83184",+380 93 273 73 47,terezaivanchenko@example.com
Гузь,Йосип,Павлович,Чоловіча,05.07.1958,Тестувальник,місто Заставна,"сквер Казковий, буд. 8 кв. 12, Керч, 90419",+380 04 349-26-70,oonufriienko@example.org
Деряжна,Марʼяна,Степанівна,Жіноча,03.07.2006,Системний адміністратор,місто Перечин,"проспект Рульовий, буд. 46 кв. 687, Маріуполь, 68335",046 471 54 99,venedykt28@example.com
Цюцюра,Валентина,Максимівна,Жіноча,11.12.1978,Тестувальник,селище Кипуче,"площа Магістральна, буд. 90, Калинівка, 29433",+380 (21) 477-34-49,ohunko@example.net
Голобородько,Стефан,Іванович,Чоловіча,23.11.1980,Аналітик,село Дубно,"набережна Лиманчик 2-й Лінія 11-та, буд. 700, Ізяслав, 76614",+380 (68) 406-70-39,bohodar12@example.com
Шморгун,Віталій,Володимирович,Чоловіча,22.05.1960,UI/UX дизайнер,місто Середина-Буда,"площа Студентський 2-й, буд. 573, Кам'янка-Бузька, 40972",073 322 25 53,andriienkopanteleimon@example.com
Ґжицький,Костянтин,Артемович,Чоловіча,06.06.2005,Аналітик,селище Сколе,"узвіз Флотський 2-й, буд. 774 кв. 60, Прилуки, 70828",869-64-76,arsen68@example.com
Полтавець,Аніта,Євгенівна,Жіноча,04.05.1988,DevOps інженер,хутір Андрушівка,"узвіз Лінія 54-та, буд. 79 кв. 9, Остер, 39281",+380 87 265-73-86,pylyp07@example.org
Данилюк,Аркадій,Євгенович,Чоловіча,23.12.1979,Аналітик,село Суми,"проспект Василя Кандинського 1-й, буд. 4 кв. 5, Сарни, 75168",+380 27 749-37-81,zhuravelopanas@example.org
Радченко,Олександр,Артемович,Чоловіча,14.11.1995,UI/UX дизайнер,селище Сокаль,"сквер Карантинний узвіз, буд. 7 кв. 25, Турка, 80901",+380 72 132-93-91,khorishkookhrim@example.org
Штокало,Георгій,Степанович,Чоловіча,14.11.2003,Backend розробник,місто Кривий Ріг,"площа Новий, буд. 6, Дубровиця, 80964",+380 35 558-70-58,serhii99@example.com
Єрмоленко,Маруся,Євгенівна,Жіноча,16.04.2009,DevOps інженер,село Олександрівськ,"набережна 2-га Лінія 6-й ст. Люстдорфської дороги, буд. 017, Святогірськ, 91651",+380 47 356 83 68,zasukhaolena@example.org
Дубенко,Вікторія,Тарасівна,Жіноча,18.09.1965,Тестувальник,село Торецьк,"шосе Естонський, буд. 13 кв. 849, Зеленодольськ, 77120",+380 37 310-59-87,zorian70@example.com
Шаповал,Прохір,Олексійович,Чоловіча,16.01.1961,Системний адміністратор,місто Іловайськ,"набережна Миколи Троїцького, буд. 4, Долина, 43779",822 57 38,talankostiantyn@example.org
Сімашкевич,Ілля,Андрійович,Чоловіча,20.06.1980,Аналітик,місто Обухів,"площа Десятого квітня, буд. 05 кв. 36, Антрацит, 38233",+380 25 579-05-78,panasteslia@example.org
Вахній,Дарина,Русланівна,Жіноча,17.12.2010,DevOps інженер,село Бердянськ,"вулиця Картамишевський, буд. 156 кв. 558, Миколаївка, 41247",029 194-72-78,btsiupa@example.net
Макаренко,Миколай,Михайлович,Чоловіча,24.04.1973,Системний адміністратор,село Покровськ,"вулиця Європейська, буд. 78 кв. 66, Нова Каховка, 94907",+380 (69) 662-67-40,larysa85@example.org
Лазаренко,Людмила,Сергіївна,Жіноча,14.01.1976,Backend розробник,село Лебедин,"площа Сергія Уточкіна, буд. 47, Луганськ, 62713",096-94-44,parmentytarenko@example.net
Вакуленко,Леонід,Богданович,Чоловіча,26.04.1964,Системний адміністратор,селище Буринь,"площа Котляревського, буд. 8, Болехів, 91788",812 90 56,bartym@example.net
Дубас,Тереза,Павлівна,Жіноча,22.03.2001,Системний адміністратор,хутір Лубни,"сквер Басейний 6-й, буд. 9, Любомль, 09483",+380 (86) 436-52-35,ezhadan@example.com
Радченко,Ольга,Юріївна,Жіноча,20.08.2011,Тестувальник,селище Радомишль,"сквер Траса Здоров'я, буд. 70, Бахмут, 53178",+380 74 054-51-13,wlupii@example.net
Чарниш,Остап,Олексійович,Чоловіча,21.04.1974,UI/UX дизайнер,місто Білицьке,"вулиця Шкодова гора, буд. 647, Городня, 70908",028 420-86-27,ivan93@example.com
Зарудна,Розалія,Олексіївна,Жіноча,16.01.1975,Backend розробник,місто Баштанка,"провулок Сімферопольська, буд. 57 кв. 9, Турка, 90656",122-50-85,parmen71@example.net
Рябченко,Ігор,Володимирович,Чоловіча,30.06.1986,Тестувальник,хутір Сіверськ,"вулиця Успенський, буд. 904 кв. 2, Яготин, 92295",071 07 23,viktoriiasimashkevych@example.com
Худяк,Аніта,Богданівна,Жіноча,20.12.1999,Backend розробник,селище Донецьк,"проспект Мирослава Скорика, буд. 09, Підгородне, 40455",+380 51 252 03 66,iaremalemeshko@example.net
Токар,Олена,Юріївна,Жіноча,18.06.1978,Тестувальник,місто Підгайці,"узвіз Шухевича Романа, буд. 700 кв. 366, Золоте, 36324",+380 02 999 55 43,deisunielysaveta@example.com
Фаренюк,Софія,Петрівна,Жіноча,30.05.2009,Аналітик,селище Тячів,"вулиця Парусна, буд. 430 кв. 469, Калуш, 17682",+380 97 941-36-31,baranetslarysa@example.org
Носаченко,Олекса,Петрович,Чоловіча,04.07.1955,Backend розробник,селище Бахчисарай,"шосе Успенський, буд. 09, Ківерці, 98509",077 425 66 43,frantsandriienko@example.org
Рубець,Демʼян,Русланович,Чоловіча,29.08.2000,Backend розробник,місто Тальне,"провулок Отрада, буд. 74 кв. 10, Ялта, 65778",+380 55 983-86-62,hlibandriichuk@example.org
Свистун,Марʼяна,Іванівна,Жіноча,30.08.2009,DevOps інженер,хутір Часів Яр,"парк Ольги Благовидової, буд. 80, Жовті Води, 38786",363-58-62,sliusarirena@example.org
Гресь,Климент,Юрійович,Чоловіча,15.02.1989,Системний адміністратор,місто Мерефа,"набережна Лузанівка, буд. 320 кв. 827, Кам'янське, 66538",+380 43 574-89-10,anitashtokalo@example.org
Сірко,Тетяна,Петрівна,Жіноча,16.08.1954,Backend розробник,село Коломия,"площа Привокзальний, буд. 9 кв. 04, Камінь-Каширський, 85792",+380 83 327 50 62,babiakhalyna@example.org
Цимбал,Мирон,Вікторович,Чоловіча,15.06.1955,Тестувальник,місто Кременець,"проспект 12-та ст. Великого Фонтану пляж, буд. 855 кв. 1, Прилуки, 27367",032 315 56 05,kylymnykkhrystyna@example.org
Артимович,Валерій,Степанович,Чоловіча,20.09.1955,Тестувальник,хутір Тальне,"сквер Лазурний 4-й, буд. 504 кв. 715, Гнівань, 64094",+380 51 449 15 48,zaietsmakar@example.com
Уманець,Емілія,Богданівна,Жіноча,22.07.2001,Аналітик,місто Рені,"площа Горіхова, буд. 5, Монастириська, 26503",+380 (92) 395-84-88,dubasorkhyp@example.org
Гавриш,Лариса,Русланівна,Жіноча,13.12.1950,Системний адміністратор,село Красилів,"площа Чубаївська, буд. 52, Старобільськ, 46335",317 04 60,mtsarenko@example.net
Цимбалюк,Алевтин,Степанович,Чоловіча,17.08.1953,Аналітик,хутір Люботин,"шосе Миколи Савича, буд. 935 кв. 2, Сорокине, 25327",+380 58 805-63-90,zzatovkaniuk@example.com
Бабʼюк,Галина,Сергіївна,Жіноча,21.04.1993,Аналітик,село Моршин,"парк Китобійна, буд. 7 кв. 87, Суходільськ, 18128",704-65-65,ostaphupalo@example.net
Девдюк,Єлисей,Олегович,Чоловіча,19.01.1962,Аналітик,місто Вільногірськ,"вулиця Жоліо-Кюрі, буд. 696 кв. 600, Середина-Буда, 62947",+380 13 452-48-13,halynamasokha@example.org
Василенко,Володимира,Вікторівна,Жіноча,24.04.2001,Аналітик,хутір Кодима,"шосе Ярмарковий, буд. 19 кв. 35, Шахтарськ, 27763",+380 24 321-01-40,vitaliidankiv@example.net
Верхола,Борис,Євгенович,Чоловіча,06.11.1981,UI/UX дизайнер,хутір Кілія,"проспект Каркашадзе, буд. 664, Синельникове, 33119",+380 47 488 27 79,liliiaatroshchenko@example.org
Рябовіл,Марта,Юріївна,Жіноча,02.05.1981,Backend розробник,село Вугледар,"шосе Скидановська, буд. 6 кв. 1, Енергодар, 28496",091 793 40 57,iermolenkoliudmyla@example.com
Кабаненко,Геннадій,Павлович,Чоловіча,31.05.1984,Системний адміністратор,хутір Тернопіль,"узвіз Балтська дорога, буд. 42, Берислав, 60839",+380 03 458-11-18,panteleimon11@example.com
Даньків,Макар,Тарасович,Чоловіча,15.08.1953,UI/UX дизайнер,місто Алупка,"парк Юрія Кондратюка, буд. 28, Ковель, 72074",073 233-57-51,eduardsheremet@example.com
Гайдабура,Ганна,Павлівна,Жіноча,18.03.1954,Тестувальник,село Харцизьк,"вулиця Зелена, буд. 6 кв. 664, Залізне, 48147",+380 (47) 131-67-80,riabchenkoanita@example.org
Конопля,Амалія,Тарасівна,Жіноча,15.09.1952,Аналітик,місто Івано-Франківськ,"сквер Пересипська 4-та, буд. 81 кв. 492, Кобеляки, 10027",088 953-94-88,samoilenkovarvara@example.org
Ірванець,Яків,Денисович,Чоловіча,05.11.1965,UI/UX дизайнер,хутір Кременець,"вулиця Кедровий, буд. 08 кв. 431, Хрустальний, 51223",+380 (80) 208-16-28,virasachenko@example.net
Христенко,Олександр,Юрійович,Чоловіча,15.12.1952,Системний адміністратор,селище Макіївка,"набережна Сергія Параджанова, буд. 6, Глобине, 18312",990-25-76,olesabramenko@example.org
Дергач,Аврелій,Максимович,Чоловіча,09.02.1960,Тестувальник,місто Пологи,"парк Зелена гірка, буд. 279, Лубни, 58569",+380 (37) 783-76-80,aaleksiuk@example.com
Ґжицький,Богодар,Андрійович,Чоловіча,04.01.1952,Backend розробник,село Кальміуське,"сквер Ігоря Бедзая, буд. 067, Дрогобич, 20141",534 82 19,olena58@example.com
Цушко,Вікторія,Артемівна,Жіноча,22.08.1948,Аналітик,село Багачеве,"парк Сімферопольська, буд. 10, Лохвиця, 89163",+380 56 203-66-72,klyment90@example.org
Міщенко,Галина,Євгенівна,Жіноча,22.06.1994,Backend розробник,місто Самар,"площа Шевченка парк, буд. 16 кв. 628, Зугрес, 39094",051 304-97-98,rozaliia56@example.org
Лупій,Ліза,Євгенівна,Жіноча,27.09.2005,UI/UX дизайнер,село Барвінкове,"сквер Лютневий 1-й, буд. 5 кв. 41, Шаргород, 57475",957-28-38,liudmyla98@example.org
Жайворон,Миколай,Вікторович,Чоловіча,05.11.2001,DevOps інженер,селище Коростень,"сквер Студентський 5-й, буд. 136, Довжанськ, 75214",+380 35 995 65 77,baranykvalentyn@example.com
Давимука,Мартин,Русланович,Чоловіча,07.07.1970,Системний адміністратор,селище Тячів,"вулиця Василя Стуса, буд. 979 кв. 06, Нетішин, 41611",000 784-39-33,mariana73@example.net
Асаула,Опанас,Максимович,Чоловіча,09.01.2003,Тестувальник,місто Прип'ять,"проспект Садовського, буд. 984, Перещепине, 90085",+380 96 764 21 46,sviatoslav19@example.net
Іщак,Лілія,Іванівна,Жіноча,15.11.2011,Тестувальник,хутір Гола Пристань,"узвіз Кінна, буд. 979, Кілія, 34293",062 017 25 89,iholoborodko@example.org
Байрак,Орхип,Денисович,Чоловіча,02.06.1970,UI/UX дизайнер,місто Докучаєвськ,"вулиця Військовий узвіз, буд. 2 кв. 2, Покров, 37335",667-98-01,trokhymatamaniuk@example.net
Чередник,Варфоломій,Іванович,Чоловіча,28.08.1973,UI/UX дизайнер,селище Любомль,"вулиця Маловського, буд. 767 кв. 556, Павлоград, 22493",094 052-95-54,jliashko@example.com
Удовиченко,Єфрем,Максимович,Чоловіча,04.01.1982,UI/UX дизайнер,село Заводське,"вулиця Зої Бутенко, буд. 488, Косів, 25850",068 031 93 52,vtsushko@example.org
Мамчур,Артем,Тарасович,Чоловіча,28.04.1980,Системний адміністратор,місто Камінь-Каширський,"узвіз Верхня, буд. 2 кв. 5, Кам'янське, 06113",040 094-44-18,chekaliukvenedykt@example.com
Влох,Кирило,Олексійович,Чоловіча,20.02.1962,Аналітик,селище Добропілля,"шосе Дачний 1-й, буд. 09 кв. 442, Берислав, 82393",+380 (57) 906-81-98,ekolodub@example.net
Бабич,Ганна,Денисівна,Жіноча,15.08.2006,Аналітик,селище Берестин,"шосе 1-й Академічний тупик, буд. 1, Саки, 89246",050 611-96-09,isaievychliubov@example.org
Яценко,Лесь,Вікторович,Чоловіча,30.08.2001,Тестувальник,хутір Монастирище,"узвіз Високий, буд. 3, Шепетівка, 44139",+380 73 253-60-66,vatamaniukhennadii@example.org
Гречаник,Орхип,Денисович,Чоловіча,02.12.1973,DevOps інженер,селище Сторожинець,"шосе Фестивальний, буд. 0 кв. 4, Золоте, 24856",+380 81 855-21-58,rozaliia29@example.net
Дрозденко,Дан,Русланович,Чоловіча,31.10.1968,Backend розробник,місто Зіньків,"узвіз Івасюка Володимира, буд. 8, Трускавець, 87076",+380 27 076 74 15,vashchenko-zakharchenkoorest@example.com
Андрейко,Орина,Юріївна,Жіноча,18.07.1988,Тестувальник,село Білгород-Дністровський,"парк Каркашадзе, буд. 8 кв. 098, Сарни, 86559",068 075 20 61,klavdiiashevchenko@example.com
Устенко,Онисим,Степанович,Чоловіча,04.01.1946,Тестувальник,село Коростень,"парк Машинобудівний, буд. 9 кв. 95, Федорівка, 27185",062 735-81-69,avhustynbashtan@example.net
Ющенко,Тетяна,Максимівна,Жіноча,31.12.1978,Тестувальник,село Борислав,"вулиця Миколи Леонтовича, буд. 5 кв. 0, Липовець, 34681",+380 05 041-58-49,zhukada@example.com
Козаченко,Амалія,Русланівна,Жіноча,21.05.1950,DevOps інженер,село Благовіщенське,"набережна Волтона, буд. 63, Нововолинськ, 18285",338 08 39,iefremsvyrydenko@example.org
Перебийніс,Опанас,Євгенович,Чоловіча,23.03.1960,Тестувальник,місто Марганець,"парк Андреєвського, буд. 1, Верхівцеве, 03788",+380 40 424-79-20,ievadavymuka@example.net
Цимбалюк,Прохір,Тарасович,Чоловіча,02.12.1954,DevOps інженер,село Овруч,"площа Лінія 33-тя, буд. 37, Сколе, 31554",+380 81 296 77 90,chumakvalerii@example.org
Шило,Сніжана,Юріївна,Жіноча,23.08.1977,DevOps інженер,хутір Українка,"узвіз Скляний 3-й, буд. 035 кв. 115, Винники, 24538",059 117 82 21,amaliiamishchenko@example.net
Абрагамовська,Ірина,Андріївна,Жіноча,27.03.1980,DevOps інженер,місто Євпаторія,"шосе Болгарська, буд. 883 кв. 5, Золочів, 15423",444-49-89,sliusarmaryna@example.com
Козак,Микита,Олегович,Чоловіча,28.09.1965,Тестувальник,селище Луганськ,"вулиця Тупиковий, буд. 839, Новий Розділ, 84561",037 019-85-30,stefankarmaliuk@example.net
Хомик,Леопольд,Артемович,Чоловіча,05.06.1958,Системний адміністратор,село Верхньодніпровськ,"проспект Манежний, буд. 5, Золоте, 10206",760-46-24,everes@example.com
Андрощук,Артем,Русланович,Чоловіча,17.07.1983,Тестувальник,місто Судова Вишня,"сквер Осіння, буд. 7 кв. 15, Здолбунів, 59966",+380 (38) 687-85-84,pshyian@example.net
Вдовиченко,Мартин,Богданович,Чоловіча,28.04.1992,Тестувальник,хутір Пустомити,"сквер Дворникова, буд. 9, Кальміуське, 69416",012 845 26 02,albert91@example.com
Ґоляш,Варвара,Михайлівна,Жіноча,14.02.1946,Backend розробник,хутір Красноперекопськ,"набережна Надії Пучковської, буд. 6 кв. 417, Дніпрорудне, 04056",+380 42 683-06-25,tbabko@example.com
Заїка,Єлисавета,Тарасівна,Жіноча,13.03.1983,Системний адміністратор,місто Світловодськ,"узвіз Змієнка Всеволода, буд. 5, Умань, 61067",+380 82 394-85-45,olha59@example.org
Сірко,Любов,Іванівна,Жіноча,15.10.1962,Тестувальник,село Берестечко,"вулиця Совіньйонівський, буд. 7 кв. 3, Іллінці, 35273",077 349-99-61,dsmyk@example.com
Гайворонський,Венедикт,Степанович,Чоловіча,02.05.1998,Backend розробник,хутір Горохів,"парк Олександра Блока, буд. 7 кв. 00, Отаманівка, 54845",933-48-40,starasenko@example.com
Влох,Геннадій,Юрійович,Чоловіча,02.11.1956,Системний адміністратор,місто Вугледар,"набережна Нечипуренка, буд. 1, Ічня, 21560",+380 35 349-63-50,hordii21@example.net
Пушкар,Яків,Русланович,Чоловіча,15.01.1986,UI/UX дизайнер,селище Миколаїв,"набережна Бригадна, буд. 7 кв. 0, Новий Буг, 09164",+380 75 764-10-48,iefrem85@example.org
Чалий,Демид,Олегович,Чоловіча,09.06.1995,Backend розробник,хутір Берислав,"площа Окружна, буд. 4, Рівне, 52559",057 216-69-02,viktor50@example.net
Шинкаренко,Артем,Тарасович,Чоловіча,23.01.1953,UI/UX дизайнер,місто Миргород,"провулок Скидановська, буд. 3 кв. 21, Берислав, 44777",+380 (18) 209-03-52,jnosachenko@example.org
Юрченко,Герман,Андрійович,Чоловіча,22.12.1982,Аналітик,місто Світлодарськ,"площа Асташкіна, буд. 89 кв. 591, Ладижин, 35995",057 947-46-57,nalyvaikolevko@example.org
Гаєвський,Венедикт,Олегович,Чоловіча,10.07.1958,Тестувальник,село Рогатин,"шосе 4-та Лінія 6-й ст. Люстдорфської дороги, буд. 7, Суми, 81526",+380 88 451 14 21,zoberemko@example.com
Романенко,Павло,Євгенович,Чоловіча,26.08.1996,Системний адміністратор,селище Інкерман,"площа Дача Ковалевського, буд. 30, Тараща, 98716",020 489-32-44,vudovychenko@example.net
Мазур,Марина,Павлівна,Жіноча,27.02.1955,UI/UX дизайнер,місто Бахмут,"набережна Творча, буд. 5 кв. 18, Городище, 90097",588 82 55,iaroslavvdovenko@example.com
Малик,Микита,Максимович,Чоловіча,31.01.1964,Системний адміністратор,село Подільськ,"шосе Тополина, буд. 362, Лохвиця, 60707",097 890-77-35,vlasenkosviatoslava@example.net
Батіг,Левко,Максимович,Чоловіча,24.10.1973,Системний адміністратор,село Тисмениця,"вулиця Кривобалківська, буд. 049 кв. 2, Городня, 94043",+380 80 388-64-30,ishchenkotrokhym@example.com
Козак,Пармен,Олегович,Чоловіча,19.12.1967,DevOps інженер,село Новодністровськ,"узвіз Тюльпанний, буд. 04, Дрогобич, 26037",438 11 17,kostiantyn05@example.net
Єрьоменко,Ольга,Олегівна,Жіноча,13.01.1977,UI/UX дизайнер,селище Славутич,"провулок Теофіла Фраєрмана, буд. 09, Жашків, 02448",+380 (44) 431-29-30,halyna38@example.com
Швачка,Гліб,Петрович,Чоловіча,25.09.1959,Аналітик,село Ірпінь,"узвіз Прокатна, буд. 84, Сновськ, 27182",267 98 10,kabaliukamaliia@example.org
Рудько,Захар,Павлович,Чоловіча,13.05.2005,Аналітик,селище Токмак,"узвіз Училищна, буд. 790, Черкаси, 15351",+380 (66) 429-24-65,vasyl89@example.net
Зарудна,Богуслава,Вікторівна,Жіноча,03.11.1956,Backend розробник,село Нововолинськ,"узвіз Виноградна 2-га, буд. 17 кв. 08, Сіверськ, 95979",003 192 63 35,olestkach@example.net
Бабко,Леон,Михайлович,Чоловіча,08.07.2008,UI/UX дизайнер,селище Ананьїв,"узвіз Офіцерський 1-й, буд. 4, Заліщики, 68477",+380 02 898 11 16,avhustynprymachenko@example.org
Стець,Адам,Іванович,Чоловіча,25.03.1985,Системний адміністратор,селище Хутір-Михайлівський,"узвіз Садова 6-та, буд. 029 кв. 3, Хуст, 17890",058 103 79 07,artem58@example.net
Тимчук,Ірена,Павлівна,Жіноча,27.10.1974,DevOps інженер,селище Куп'янськ,"набережна Кругова, буд. 8, Корсунь-Шевченківський, 99896",421 69 55,spas27@example.net
Засенко,Охрім,Вікторович,Чоловіча,10.07.1953,DevOps інженер,село Снігурівка,"узвіз Олега Андрійця, буд. 7, Єнакієве, 01465",+380 10 382-23-83,lstus@example.com
Рудько,Дарина,Денисівна,Жіноча,14.08.1959,Аналітик,хутір Хотин,"площа Андрія Музичка, буд. 71, Городок, 27316",+380 37 565-34-71,leontii16@example.net
Свириденко,Хома,Юрійович,Чоловіча,31.03.1975,Тестувальник,хутір Красногорівка,"парк Цимлянська, буд. 374 кв. 8, Брянка, 11015",864 88 10,zbabenko@example.net
Рева,Марія,Артемівна,Жіноча,19.12.2008,DevOps інженер,місто Світловодськ,"шосе Ігоря Бедзая, буд. 397, Скадовськ, 04123",+380 (97) 266-87-10,chaikaroman@example.com
Каденюк,Богданна,Михайлівна,Жіноча,12.11.2005,UI/UX дизайнер,селище Лебедин,"сквер Привокзальний, буд. 58 кв. 6, Богуслав, 32343",+380 29 894 38 58,toliinyk@example.com
Яремко,Аліна,Вікторівна,Жіноча,10.12.1957,Системний адміністратор,хутір Бахмут,"проспект Кременецький, буд. 70 кв. 70, Вишневе, 76341",+380 64 451-90-72,zarubaarsen@example.net
Палій,Златослава,Вікторівна,Жіноча,13.01.1970,DevOps інженер,місто Тячів,"шосе Сортувальна 2-га, буд. 657, Залізне, 46428",013 753-79-89,demianlaba@example.com
Фастенко,Гліб,Віталійович,Чоловіча,14.03.1971,Системний адміністратор,село Костянтинівка,"проспект Пшенична, буд. 65 кв. 55, Мар'їнка, 45760",+380 29 320 81 92,eibozhenkoruslan@example.org
Вдовиченко,Адам,Русланович,Чоловіча,05.04.1959,Тестувальник,селище Алупка,"проспект Ганса Германа, буд. 48 кв. 509, Баштанка, 83082",+380 (32) 097-89-74,dshcherban@example.org
Зубко,Валерій,Олексійович,Чоловіча,19.11.1993,Системний адміністратор,місто Львів,"узвіз Бориса Літвака, буд. 3 кв. 7, Моспине, 04699",016 416-47-29,dhavrysh@example.net
Христенко,Одарка,Русланівна,Жіноча,11.10.1966,UI/UX дизайнер,селище Дунаївці,"узвіз Степова, буд. 50, Турка, 37312",+380 (12) 673-44-77,amedvedenko@example.com
Гавриш,Михайлина,Денисівна,Жіноча,14.03.1986,Backend розробник,місто Підгородне,"сквер Клинова, буд. 524, Угнів, 39624",755-30-92,masokhaserhii@example.com
Гриценко,Володимир,Сергійович,Чоловіча,02.10.1947,Системний адміністратор,село Ходорів,"вулиця Лінійна, буд. 155 кв. 351, Мукачево, 96078",+380 73 967-27-33,iartiushenko@example.org
Франчук,Венедикт,Віталійович,Чоловіча,05.04.1948,Тестувальник,хутір Інкерман,"вулиця Лузанівський 2-й, буд. 7, Гайсин, 08136",+380 48 114-34-35,havryshkevychiukhym@example.com
Павличенко,Давид,Євгенович,Чоловіча,03.06.1977,Аналітик,хутір Приморськ,"набережна Олешківська, буд. 67, Моршин, 41965",+380 05 626-84-25,tsarenkoroman@example.net
Андрієнко,Аніта,Богданівна,Жіноча,17.10.1955,DevOps інженер,хутір Снятин,"провулок Іони Отаманського, буд. 69 кв. 18, Помічна, 65946",+380 40 025-56-21,ychuiko@example.net
Аврамчук,Борис,Вікторович,Чоловіча,24.05.1965,DevOps інженер,місто Зоринськ,"вулиця Чернігівський, буд. 34 кв. 2, Тернівка, 68415",+380 52 805 13 51,arak@example.com
Рубан,Пріска,Русланівна,Жіноча,06.04.1952,DevOps інженер,селище Коростишів,"шосе Транспортна, буд. 340 кв. 0, Рогатин, 66360",+380 (38) 620-93-46,emiliia97@example.org
Валенко,Святослава,Степанівна,Жіноча,08.07.1993,Тестувальник,місто Полтава,"сквер Тепла, буд. 4, Харків, 97501",084 511 01 40,kierchenko@example.com
Мазур,Варфоломій,Євгенович,Чоловіча,09.11.1956,Backend розробник,село Угнів,"площа Заводська 3-тя, буд. 579, Тетіїв, 92060",087 729-07-41,azhaivoron@example.com
Аронець,Августин,Максимович,Чоловіча,05.07.1982,Тестувальник,хутір Косів,"провулок Вишнева, буд. 7, Кілія, 85428",085-62-35,csamoilenko@example.org
Стець,Євген,Максимович,Чоловіча,02.05.1976,DevOps інженер,хутір Федорівка,"площа Любомира Гузара, буд. 81, Кропивницький, 01670",521 48 72,liudmyla10@example.com
Венгринович,Одарка,Степанівна,Жіноча,25.12.2003,UI/UX дизайнер,селище Нікополь,"вулиця Петра Лещенка, буд. 146, Кобеляки, 69024",+380 27 569 41 96,mykhailynatsymbaliuk@example.org
Литвин,Еріка,Павлівна,Жіноча,02.04.2007,Backend розробник,місто Бібрка,"узвіз Зелена, буд. 61 кв. 36, Новомиргород, 24795",015 627 00 45,varvarakalchenko@example.net
Гайдай,Пилип,Михайлович,Чоловіча,30.12.1960,Тестувальник,місто Ічня,"шосе Михайла Слабченка, буд. 19 кв. 397, Горлівка, 34174",074 107-28-79,gnikoliuk@example.net
Яценюк,Варфоломій,Артемович,Чоловіча,23.04.1951,Аналітик,місто Яворів,"проспект Чорноморський 11-й, буд. 0, Красноперекопськ, 22613",+380 69 774 78 89,aleksiichukalbert@example.com
Ковпак,Єва,Тарасівна,Жіноча,16.01.1982,Тестувальник,селище Черкаси,"сквер Теплична, буд. 86, Шахтарськ, 27445",+380 (03) 411-83-72,mtsarenko@example.net
Савенко,Оксенія,Віталіївна,Жіноча,29.12.2004,Тестувальник,місто Верхньодніпровськ,"проспект Старицького, буд. 8, Костопіль, 18832",758-59-31,kovaliuktetiana@example.net
Кабалюк,Віолетта,Артемівна,Жіноча,28.10.1952,Системний адміністратор,місто Федорівка,"проспект 12-та ст. Великого Фонтану пляж, буд. 89 кв. 3, Здолбунів, 22740",004-17-75,hzatovkaniuk@example.org
Приходько,Климент,Артемович,Чоловіча,23.02.1997,Системний адміністратор,хутір Сміла,"сквер Хаджибейський 2-й, буд. 9 кв. 93, Броди, 36502",083 078-16-72,adamchukandrii@example.org
Царенко,Остап,Олегович,Чоловіча,25.12.1958,Backend розробник,місто Любомль,"парк Надії Пучковської, буд. 91, Красноперекопськ, 94911",013 431-07-48,voliinyk@example.net
Абрамчук,Дарина,Русланівна,Жіноча,30.05.1988,Аналітик,селище Чернівці,"узвіз Аеропортівський 1-й, буд. 0, Баштанка, 69634",718-31-17,iryna67@example.com
Гаврилюк,Одарка,Віталіївна,Жіноча,05.04.1951,DevOps інженер,хутір Долина,"провулок Учнівська, буд. 5, Миколаїв, 23980",+380 (27) 532-69-58,oberemkoklavdiia@example.org
Дейсун,Аркадій,Сергійович,Чоловіча,10.11.1986,DevOps інженер,хутір Одеса,"шосе Зелена гірка, буд. 7, Гола Пристань, 11136",013 213 95 90,mykytakolesnychenko@example.net
Швачка,Владислав,Тарасович,Чоловіча,21.11.1958,Аналітик,хутір Радивилів,"узвіз Балтський 2-й, буд. 9 кв. 162, Ялта, 54752",+380 71 425-36-58,iaroslavtarasenko@example.net
Ванченко,Лукʼян,Павлович,Чоловіча,13.12.1999,Backend розробник,хутір Сокологірськ,"вулиця Ковиловий, буд. 6 кв. 143, Калинівка, 71790",036 288-32-10,spasiushchenko@example.com
Канівець,Олекса,Павлович,Чоловіча,05.05.1994,Системний адміністратор,селище Суходільськ,"сквер Літня, буд. 4 кв. 049, Монастириська, 13537",+380 77 924-50-05,iesypenkoleonid@example.org
Вакуленко,Артем,Богданович,Чоловіча,20.03.1973,DevOps інженер,місто Яворів,"провулок Новоберегова, буд. 7, Рожище, 23176",+380 38 948-22-12,vladyslav29@example.org
Данько,Тетяна,Андріївна,Жіноча,22.02.1985,Backend розробник,селище Новий Буг,"шосе Чорноморський 5-й, буд. 12, Лисичанськ, 80441",+380 (83) 175-89-85,ghavryshkevych@example.com
Андріїшин,Орися,Віталіївна,Жіноча,25.01.2006,Системний адміністратор,село Петрово-Красносілля,"шосе Лиманна, буд. 383, Берестечко, 02837",+380 (44) 634-45-21,kamillaopanasenko@example.org
Фаренюк,Валерій,Іванович,Чоловіча,05.04.1990,DevOps інженер,місто Бібрка,"шосе Сирітський 2-й, буд. 67, Чорнобиль, 85657",+380 64 747 70 00,bairakmartyn@example.org
Жук,Ірена,Степанівна,Жіноча,09.11.1956,Backend розробник,місто Богодухів,"проспект Петра Лещенка, буд. 8 кв. 08, Бердянськ, 75087",+380 41 360-10-07,tytarenkoandrii@example.com
Притула,Тетяна,Сергіївна,Жіноча,19.09.1999,DevOps інженер,місто Токмак,"сквер М’ясоєдовська, буд. 660, Калуш, 82832",000 379-79-97,baranliliia@example.org
Зінченко,Петро,Михайлович,Чоловіча,25.02.1997,UI/UX дизайнер,селище Маріуполь,"набережна Східчастий 3-й, буд. 39 кв. 726, Олександрівськ, 46229",+380 60 048-71-95,mykhailoiurchenko@example.org
Гаврилів,Роман,Тарасович,Чоловіча,31.05.2002,DevOps інженер,селище Сокаль,"шосе Богуна, буд. 2 кв. 6, Новоселиця, 40126",+380 35 041 30 12,tymofiizinkevych@example.org
Масоха,Гордій,Богданович,Чоловіча,15.08.1946,Аналітик,село Дніпро,"проспект Наливна, буд. 4 кв. 584, Теплодар, 49311",+380 20 734-09-55,rostyslav26@example.org
Піддубний,Азар,Павлович,Чоловіча,09.09.1946,Системний адміністратор,місто Дунаївці,"шосе Італійський, буд. 0 кв. 8, Городок, 25230",+380 35 809-53-88,davyd85@example.net
Шиян,Роман,Петрович,Чоловіча,06.10.1956,Аналітик,селище Сторожинець,"провулок Сумська, буд. 737 кв. 1, Хмельницький, 72542",+380 33 695-69-67,volodymyravivcharenko@example.com
Засенко,Володимира,Тарасівна,Жіноча,05.06.1993,Backend розробник,селище Жидачів,"узвіз Рабіна Іцхака, буд. 20, Житомир, 10001",047 529-65-71,rsirko@example.com
Пʼятаченко,Валерій,Михайлович,Чоловіча,17.11.2004,DevOps інженер,селище Гнівань,"сквер Матроський узвіз, буд. 294, Канів, 71051",+380 30 270-15-88,opylypenko@example.org
Андрощук,Аркадій,Вікторович,Чоловіча,23.09.1976,Тестувальник,селище Алупка,"набережна Дачний, буд. 22, Бориспіль, 10310",035 343-31-05,roksolana77@example.net
Рябченко,Ліза,Тарасівна,Жіноча,17.01.1955,Системний адміністратор,хутір Татарбунари,"провулок Капітана Гаврікова, буд. 68 кв. 96, Миколаївка, 21230",+380 (49) 400-54-42,ishchakalbina@example.net
Батуринець,Розалія,Петрівна,Жіноча,27.01.1957,Backend розробник,село Городище,"площа Локомотивний 1-й, буд. 2 кв. 780, Багачеве, 70470",088 542 55 39,avreliiiaremkiv@example.org
Александренко,Оксенія,Вікторівна,Жіноча,07.05.1998,Системний адміністратор,село Новий Розділ,"площа Травневий 3-й, буд. 24 кв. 1, Зміїв, 55898",856 86 71,uishchak@example.com
Носенко,Ліза,Степанівна,Жіноча,06.05.2005,Backend розробник,хутір Верхівцеве,"набережна Цимлянська, буд. 150 кв. 1, Кропивницький, 59415",995-09-19,dziubaanton@example.net
Негода,Олег,Тарасович,Чоловіча,08.09.2003,Тестувальник,місто Долинська,"проспект Дорожня, буд. 36, Чоп, 14244",073 857 04 51,givashchenko@example.org
Данько,Вʼячеслав,Петрович,Чоловіча,16.06.1980,DevOps інженер,хутір Березівка,"набережна 11-ша Лінія 6-й ст. Люстдорфської дороги, буд. 79 кв. 798, Лисичанськ, 64040",+380 20 108-78-77,ruslankalchenko@example.net
Оліфіренко,Болеслав,Віталійович,Чоловіча,08.12.1956,UI/UX дизайнер,місто Миколаївка,"шосе Банний, буд. 66, Марганець, 38061",473-21-08,lfastenko@example.org
Гайворонська,Святослава,Петрівна,Жіноча,02.06.1948,Аналітик,село Перевальськ,"площа Злакова, буд. 17 кв. 1, Вишгород, 82042",+380 86 633 26 15,halynakhrystych@example.com
Лемешко,Гліб,Юрійович,Чоловіча,18.09.1968,Backend розробник,хутір Шахтарськ,"вулиця Чорноморський 11-й, буд. 6 кв. 8, Приморськ, 85725",+380 (10) 328-78-98,azar61@example.org
Демʼянчук,Євген,Віталійович,Чоловіча,03.05.1979,UI/UX дизайнер,село Новоазовськ,"сквер Прорізний, буд. 370 кв. 69, Дергачі, 72868",850-25-90,halynahaidamaka@example.org
Адаменко,Христина,Сергіївна,Жіноча,27.09.2003,Аналітик,селище Деражня,"сквер Теплична, буд. 03, Амвросіївка, 79907",+380 22 728-22-84,isaienkofrants@example.com
Вакарчук,Оксана,Денисівна,Жіноча,06.02.1993,DevOps інженер,село Герца,"проспект Лазурний 4-й, буд. 314, Сколе, 36043",092 652-98-65,odarkaatroshchenko@example.org
Стець,Сергій,Тарасович,Чоловіча,22.10.2003,Тестувальник,хутір Красилів,"набережна Лінія 22-га, буд. 047 кв. 6, Подільськ, 34943",032 119 15 16,havryletstymofii@example.org
Корсун,Адам,Денисович,Чоловіча,06.03.1990,Системний адміністратор,хутір Баштанка,"провулок Східчастий, буд. 1, Кипуче, 95369",+380 08 269-04-61,havryliviustyna@example.org
Вернидуб,Ярина,Денисівна,Жіноча,16.09.1973,Backend розробник,місто Полонне,"вулиця Ламаний, буд. 314 кв. 63, Ічня, 26915",+380 19 445 95 61,vernydubtereza@example.com
Гайда,Климент,Юрійович,Чоловіча,07.04.1954,Системний адміністратор,селище Погребище,"узвіз Удільний, буд. 03 кв. 34, Новоселиця, 23625",826-24-38,pdzhus@example.net
Данько,Анастасія,Віталіївна,Жіноча,15.01.1993,Тестувальник,хутір Коростень,"площа Бандурний, буд. 83, Городок, 19395",+380 36 120-70-84,marko43@example.net
Гайденко,Давид,Вікторович,Чоловіча,26.06.1950,Системний адміністратор,селище Рівне,"вулиця Лиманчик 2-й Лінія 5-та, буд. 848 кв. 827, Новояворівськ, 28636",+380 66 340-52-62,cherednykihnat@example.org
Петрик,Григорій,Богданович,Чоловіча,08.09.1987,Системний адміністратор,місто Білгород-Дністровський,"вулиця Патріотична, буд. 9 кв. 504, Сіверськодонецьк, 77075",+380 13 178-87-09,rostyslav30@example.net
Зінкевич,Климент,Петрович,Чоловіча,09.04.2011,UI/UX дизайнер,село Жовті Води,"парк Військовий узвіз, буд. 177 кв. 8, Гола Пристань, 09981",070 773-98-37,blubenets@example.net
Власюк,Марко,Михайлович,Чоловіча,08.03.1950,Аналітик,село Світлодарськ,"проспект 3-тя Лінія Марії Демченко, буд. 77 кв. 129, Соснівка, 39235",+380 49 391 61 73,rtereshchuk@example.com
Цимбалюк,Ігор,Богданович,Чоловіча,14.11.1955,Backend розробник,селище Тростянець,"вулиця Новоукраїнський, буд. 40 кв. 45, Комарно, 03593",008 779 09 91,rubetszorian@example.net
Бабиченко,Аркадій,Максимович,Чоловіча,23.10.1972,Системний адміністратор,селище Коломия,"площа Зернова, буд. 7 кв. 962, Старобільськ, 76756",048 68 68,zviter@example.com
Яремків,Лариса,Андріївна,Жіноча,12.08.1977,Системний адміністратор,селище Амвросіївка,"узвіз Південна, буд. 2 кв. 7, Городенка, 40490",066 296 94 98,bohodar99@example.net
Андрусенко,Ірина,Русланівна,Жіноча,16.05.1978,Тестувальник,місто Лебедин,"провулок Мала Арнаутська, буд. 0 кв. 9, Жданівка, 01278",+380 75 820-10-79,ielyseikashchenko@example.org
Алексійчук,Кирило,Русланович,Чоловіча,16.08.1994,Аналітик,селище Миргород,"набережна 11-та ст. Великого Фонтану пляж, буд. 0 кв. 16, Вугледар, 82451",+380 (09) 346-60-16,varfolomii46@example.net
Алексюк,Владислав,Павлович,Чоловіча,21.12.1982,Системний адміністратор,хутір Южноукраїнськ,"набережна Радіо, буд. 8 кв. 25, Здолбунів, 77505",018 208-51-06,zakhar15@example.com
Ґерус,Назар,Степанович,Чоловіча,23.07.1946,Backend розробник,селище Добропілля,"набережна Костанді, буд. 846 кв. 0, Хутір-Михайлівський, 99126",128 89 03,oryna41@example.net
Рева,Оксана,Віталіївна,Жіноча,08.06.1959,DevOps інженер,село Долинська,"площа Сумський, буд. 401 кв. 1, Шахтарське, 07945",078 55 28,zubkofeofan@example.net
Дейнеко,Руслан,Олексійович,Чоловіча,29.10.1961,Backend розробник,місто Березне,"набережна Лазурний 1-й, буд. 5, Липовець, 13146",+380 77 243-60-24,telychenkoerika@example.net
Кащенко,Сніжана,Тарасівна,Жіноча,29.10.1947,UI/UX дизайнер,хутір Олександрія,"сквер Тепличний 2-й, буд. 8, Соснівка, 83978",051 172 18 22,vanchenkostepan@example.org
Артеменко,Ірена,Максимівна,Жіноча,30.08.2004,Аналітик,селище Біла Церква,"сквер Пантелеймонівська, буд. 407, Корюківка, 02685",051 113-20-31,odarka03@example.com
Свириденко,Аніта,Русланівна,Жіноча,03.02.1997,Аналітик,село Берестин,"сквер Середньофонтанський, буд. 37 кв. 378, Дубляни, 93785",+380 (40) 888-13-43,hlib68@example.net
Фоменко,Марія,Володимирівна,Жіноча,29.10.1989,Backend розробник,село Звенигородка,"узвіз Любомира Гузара, буд. 463, Бахмут, 97888",+380 34 779-76-22,kzinkevych@example.net
Гаврюшенко,Єлисавета,Олексіївна,Жіноча,11.10.1972,Аналітик,місто Білицьке,"провулок Солонцюватий, буд. 730, Славутич, 32877",076 304 72 56,adamchukielysei@example.net
Чередник,Віталій,Русланович,Чоловіча,31.03.1950,DevOps інженер,селище Харків,"площа Сабанський, буд. 312 кв. 07, Лутугине, 29591",+380 62 792 67 96,lesykvarvara@example.net
Єременко,Соломія,Максимівна,Жіноча,25.05.1976,DevOps інженер,селище Світловодськ,"парк Дніпропетровська дорога, буд. 322 кв. 5, Конотоп, 63360",+380 57 449-48-12,andriishynostap@example.org
Зайченко,Спас,Михайлович,Чоловіча,19.12.1960,UI/UX дизайнер,село Антрацит,"узвіз Суперфосфатна, буд. 142 кв. 7, Куп'янськ, 30039",160 03 82,teodorpryimak@example.com
Ажажа,Єва,Павлівна,Жіноча,27.01.2001,Системний адміністратор,місто Іршава,"сквер Слобідський узвіз, буд. 59 кв. 67, Гайворон, 23452",035 901 83 26,cmakarenko@example.com
Примаченко,Євген,Степанович,Чоловіча,30.03.2000,Тестувальник,село Судак,"узвіз Кінна, буд. 427, Решетилівка, 19340",+380 94 964-47-47,trokhymrak@example.net
Їжак,Єлисавета,Тарасівна,Жіноча,01.06.1963,Системний адміністратор,селище Білгород-Дністровський,"шосе Садовського, буд. 067 кв. 53, Славута, 51886",078 165 79 83,hdubenko@example.org
Шахрай,Артем,Вікторович,Чоловіча,25.09.2004,UI/UX дизайнер,хутір Гірник,"вулиця Сергія Параджанова, буд. 0, Шостка, 90887",+380 67 154-06-15,tkolisnychenko@example.com
Івасюк,Леонід,Євгенович,Чоловіча,28.06.1960,Тестувальник,місто Ялта,"узвіз Чорноморський 1-й, буд. 790, Кальміуське, 82359",855 97 26,myron63@example.com
Жарко,Омелян,Тарасович,Чоловіча,22.02.1950,DevOps інженер,місто Миколаїв,"сквер Озерна, буд. 6 кв. 038, Балта, 07737",+380 69 349-07-84,violettademianchuk@example.com
Юрченко,Альбіна,Русланівна,Жіноча,15.11.2000,Системний адміністратор,місто Калуш,"набережна Марсельська, буд. 64, Родинське, 06799",012 00 89,jkyrylenko@example.org
Годунок,Ольга,Віталіївна,Жіноча,25.01.1967,Аналітик,село Бахчисарай,"проспект Український 2-й, буд. 69, Бунге, 92381",+380 62 654-49-71,olha99@example.com
Ярош,Орхип,Русланович,Чоловіча,29.07.1990,Аналітик,хутір Тетіїв,"провулок Верстатобудівна, буд. 72 кв. 0, Вознесенівка, 67107",694-10-39,panasfesenko@example.com
Чалий,Гліб,Михайлович,Чоловіча,11.08.1974,UI/UX дизайнер,хутір Антрацит,"узвіз Балтський 6-й, буд. 0, Мелітополь, 79097",+380 91 429 27 46,andrii85@example.net
Чміль,Данна,Вікторівна,Жіноча,29.04.1982,UI/UX дизайнер,селище Миколаївка,"узвіз Бузкова, буд. 972 кв. 649, Ковель, 94955",018-82-05,hlibrubets@example.net
Архимович,Амалія,Вікторівна,Жіноча,02.09.2005,Аналітик,селище Молочанськ,"сквер Сонячна, буд. 656, Скадовськ, 76853",+380 (32) 674-28-00,emasliak@example.net
Мазепа,Арсен,Русланович,Чоловіча,19.06.1959,UI/UX дизайнер,селище Славута,"площа Парашутний, буд. 8, Боярка, 41361",+380 34 345 31 19,hanna47@example.org
Андрієвич,Артем,Артемович,Чоловіча,22.11.1983,Системний адміністратор,хутір Амвросіївка,"проспект Кримський, буд. 227 кв. 6, Перещепине, 10476",+380 60 298-07-85,iumanets@example.net
Шевченко,Нестор,Павлович,Чоловіча,01.02.1996,Аналітик,селище Яворів,"проспект Дмитра Іванова, буд. 72 кв. 4, Приморськ, 42599",+380 23 270-61-49,ishchenkozlatoslava@example.com
Сацюк,Станіслав,Русланович,Чоловіча,28.12.1956,Backend розробник,хутір Миргород,"проспект Луценка Івана, буд. 17, Ходорів, 70322",032 753 54 81,ostapbabiuk@example.org
Воблий,Святослав,Максимович,Чоловіча,22.09.1955,Тестувальник,хутір Брянка,"провулок Лінія 48-ма, буд. 6, Чуднів, 45102",187-15-11,albert47@example.net
Зінкевич,Борислав,Петрович,Чоловіча,22.11.1955,Системний адміністратор,селище Великі Мости,"парк Вишневий, буд. 605, Покровськ, 68294",+380 94 220-55-97,hsahal@example.net
Аверченко,Ірена,Денисівна,Жіноча,01.05.1965,Backend розробник,село Перемишляни,"провулок Стовпова, буд. 61 кв. 569, Петрово-Красносілля, 45687",074 51 82,qdrobiazko@example.net
Гавришкевич,Михайлина,Михайлівна,Жіноча,07.10.1992,Backend розробник,село Знам'янка,"проспект Лінія 55-та, буд. 96 кв. 54, Новоазовськ, 32714",780 80 71,gderehus@example.org
Адамчук,Леопольд,Русланович,Чоловіча,10.09.1966,DevOps інженер,хутір Нетішин,"парк Місячна, буд. 6 кв. 2, Апостолове, 56902",+380 72 280 49 35,shabliivasyl@example.net
Яковенко,Ірена,Володимирівна,Жіноча,01.05.1997,UI/UX дизайнер,селище Карлівка,"площа 11-та Лінія Марії Демченко, буд. 73, Шахтарське, 63425",+380 10 627-46-98,liza49@example.org
Артим,Галина,Євгенівна,Жіноча,03.10.1950,Backend розробник,місто Красноперекопськ,"набережна Ветеранів праці, буд. 76 кв. 135, Слов'янськ, 93657",416-94-97,orkhypkhudobiak@example.net
Вдовиченко,Артем,Віталійович,Чоловіча,24.10.1949,Аналітик,селище Білозерське,"парк Скидановська, буд. 80 кв. 47, Зугрес, 91767",+380 34 023 78 64,vhodunok@example.org
Бабич,Геннадій,Євгенович,Чоловіча,10.02.1951,UI/UX дизайнер,селище Благовіщенське,"узвіз Карпатська, буд. 962, Богодухів, 69892",+380 02 115-99-21,chuprynamakar@example.com
Свириденко,Петро,Петрович,Чоловіча,22.11.1989,DevOps інженер,селище Дебальцеве,"площа Бондарна, буд. 8, Звенигородка, 13549",+380 49 964-68-55,umishchenko@example.org
Штепа,Гліб,Богданович,Чоловіча,09.05.1999,Backend розробник,селище Дубровиця,"шосе Регенсбург, буд. 856 кв. 0, Дунаївці, 07196",+380 (45) 466-66-68,ivanychukparmen@example.org
Ковалюк,Захар,Сергійович,Чоловіча,21.09.1948,UI/UX дизайнер,хутір Красногорівка,"набережна Амундсена, 2-й, буд. 884, Теребовля, 76923",013 798 47 52,boleslavbabii@example.org
Давиденко,Віра,Олегівна,Жіноча,24.08.1989,UI/UX дизайнер,село Вишневе,"парк Лиманчик 2-й Лінія 8-ма, буд. 295 кв. 67, Івано-Франківськ, 31976",515 67 83,leopoldtymchenko@example.net
Артюх,Віолетта,Павлівна,Жіноча,06.10.1966,Backend розробник,селище Бердянськ,"узвіз Солонцюватий 1-й, буд. 0 кв. 3, Остер, 46312",611-31-45,maryna37@example.net
Кальченко,Варфоломій,Євгенович,Чоловіча,31.07.1951,DevOps інженер,селище Хутір-Михайлівський,"проспект Романтиків, буд. 8, Новий Розділ, 85024",+380 08 220-78-29,okhrimromanchuk@example.com
Зінчук,Аврелій,Богданович,Чоловіча,16.08.1985,UI/UX дизайнер,селище Жданівка,"парк Героїв УПА, буд. 2 кв. 293, Ковель, 59252",+380 26 359-10-92,hannachuiko@example.com
Авдєєнко,Августин,Михайлович,Чоловіча,11.03.1988,Аналітик,селище Липовець,"сквер 11-та Лінія Марії Демченко, буд. 8 кв. 0, Молочанськ, 80013",+380 73 475-19-48,skopytko@example.org
Ірванець,Руслан,Павлович,Чоловіча,13.05.2008,Тестувальник,селище Лозова,"площа Радісна, буд. 461, Берестин, 93094",+380 66 967-07-92,chalenkoieva@example.org
Архимович,Тереза,Михайлівна,Жіноча,17.12.1971,Аналітик,село Новоград-Волинський,"узвіз Хаджибейська дорога, буд. 7 кв. 4, Золоте, 61294",+380 (82) 276-15-41,orysiachubai@example.org
Приймак,Вікторія,Тарасівна,Жіноча,16.01.2010,DevOps інженер,місто Інкерман,"сквер Володі Дубініна, буд. 3, Борислав, 19195",056 077 52 48,baidaiaryna@example.org
Масоха,Павло,Михайлович,Чоловіча,08.07.1999,Backend розробник,хутір Трускавець,"набережна Чорноморський 4-й, буд. 994, Охтирка, 65814",075 329 09 30,emiliiababych@example.com
Яремко,Світлана,Денисівна,Жіноча,04.10.1954,UI/UX дизайнер,село Іллінці,"площа Халайджогло, буд. 277, Шахтарськ, 68691",+380 (55) 421-97-34,nestaikopetro@example.net
Їжак,Тереза,Андріївна,Жіноча,24.02.1986,DevOps інженер,селище Почаїв,"проспект Запорізька, буд. 576, Новгород-Сіверський, 97369",+380 (95) 736-90-17,shchorsmarta@example.net
Зінчук,Василь,Максимович,Чоловіча,11.11.1979,Системний адміністратор,село Яворів,"парк Студентський, буд. 566, Глиняни, 09965",+380 63 558 00 85,kyrylenkoroman@example.net
Алексюк,Лариса,Павлівна,Жіноча,15.10.1953,UI/UX дизайнер,село Болград,"провулок Хаджибейська дорога, буд. 0, Угнів, 83393",905 28 21,viktoriiaustenko@example.net
Медведенко,Хома,Вікторович,Чоловіча,17.06.1997,UI/UX дизайнер,селище Сторожинець,"шосе Херсонський сквер, буд. 05 кв. 329, Зугрес, 22999",315-10-75,jfareniuk@example.org
Даниленко,Павло,Русланович,Чоловіча,21.11.1988,Аналітик,селище Волочиськ,"шосе Шостої 2-й, буд. 0, Харків, 26029",+380 (27) 682-68-64,vashchenko-zakharchenkoerika@example.org
Чабан,Едуард,Денисович,Чоловіча,12.09.1993,UI/UX дизайнер,селище Бобровиця,"парк Красний, буд. 314, Судак, 74571",076-24-05,panteleimon50@example.org
Пʼятаченко,Віктор,Вікторович,Чоловіча,01.12.1963,Аналітик,селище Бар,"проспект Куяльницький міст, буд. 9, Павлоград, 09107",699 17 95,heorhiiromanchuk@example.com
Корсун,Климент,Євгенович,Чоловіча,31.08.1969,DevOps інженер,хутір Златопіль,"провулок Бахчева, буд. 3 кв. 813, Амвросіївка, 63616",632 91 47,viktor46@example.com
Олійник,Демид,Вікторович,Чоловіча,08.11.1992,Аналітик,селище Деражня,"провулок Ремонтна, буд. 43 кв. 5, Шептицький, 10949",541 19 79,aaron68@example.com
Балабан,Борис,Артемович,Чоловіча,05.09.2002,UI/UX дизайнер,село Кремінна,"площа Полтавська, буд. 573, Ладижин, 59350",015 628 65 06,oizhak@example.com
Вахній,Варвара,Артемівна,Жіноча,15.02.1992,Системний адміністратор,село Володимир-Волинський,"узвіз Лінія 49-та, буд. 6 кв. 983, Новий Буг, 75054",029 971 47 67,zharkomarta@example.org
Дзиндра,Едита,Володимирівна,Жіноча,25.11.1989,UI/UX дизайнер,місто Сколе,"площа Кримська, буд. 56 кв. 63, Іллінці, 86854",030 381 18 19,jkolisnychenko@example.org
Девдюк,Онисим,Русланович,Чоловіча,01.04.1948,Backend розробник,село Павлоград,"сквер Лузанівська, буд. 608, Копичинці, 19827",+380 01 851-55-81,hrechkoanita@example.org
Власюк,Олег,Степанович,Чоловіча,12.11.1985,DevOps інженер,місто Жидачів,"проспект Проектований 3-й, буд. 4 кв. 0, Горішні Плавні, 79403",+380 12 583-00-12,iarema96@example.com
Вівчаренко,Зиновій,Юрійович,Чоловіча,27.07.1983,DevOps інженер,село Гнівань,"сквер Цукровий, буд. 988, Радомишль, 83118",+380 87 825 03 61,varvara07@example.com
Ящук,Ярема,Вікторович,Чоловіча,17.08.1977,Тестувальник,хутір Горлівка,"шосе Лїнія 1-ша, буд. 2, Горлівка, 63150",001 299 55 04,gdubas@example.net
Габелко,Михайло,Олегович,Чоловіча,31.08.1970,Аналітик,село Миргород,"набережна Амундсена, 2-й, буд. 102 кв. 97, Чорнобиль, 46130",779-16-21,dankevycholeh@example.net
Ванченко,Борис,Максимович,Чоловіча,10.08.1965,Тестувальник,село Хутір-Михайлівський,"парк Лігінська, буд. 6 кв. 22, Пирятин, 21344",046 681 57 70,omeliansych@example.com
Шаповал,Наталія,Петрівна,Жіноча,01.04.2006,Тестувальник,селище Олевськ,"набережна Наявний 3-й, буд. 46, Вільнянськ, 47869",729-56-90,shtepaorysia@example.com
Кибкало,Охрім,Артемович,Чоловіча,17.02.1980,Системний адміністратор,село Вишгород,"сквер Уманська, буд. 680, Українськ, 76283",006 431 61 24,kylymnykvasyl@example.net
Макаренко,Едита,Михайлівна,Жіноча,23.03.1977,Системний адміністратор,місто Перечин,"проспект Вільгельма Габсбурга, буд. 49, Харків, 96869",+380 59 442 33 62,ievdokymenkodemyd@example.org
Артимович,Варвара,Іванівна,Жіноча,19.10.2006,Тестувальник,село Шахтарське,"узвіз Юннатів, буд. 283 кв. 439, Деражня, 70732",+380 69 763-99-03,ovsiienkodemyd@example.net
Токар,Ліза,Віталіївна,Жіноча,26.07.1952,Системний адміністратор,місто Старий Самбір,"провулок Шевченка, буд. 205 кв. 414, Копичинці, 72236",925 07 85,rozaliia83@example.org
Чумаченко,Камілла,Артемівна,Жіноча,09.07.1961,Тестувальник,селище Кам'янка-Бузька,"проспект Тетяни Тесс, буд. 103, Дебальцеве, 41357",040 200 54 18,mykhailo07@example.net
Данченко,Клавдія,Михайлівна,Жіноча,22.03.1967,Аналітик,селище Сколе,"набережна Сергія Ейзенштейна, буд. 4, Жашків, 63719",+380 73 770-95-26,abramchukviktor@example.org
Шаблій,Симон,Олексійович,Чоловіча,28.10.1989,Системний адміністратор,місто Скалат,"площа Промисловий, буд. 305, Середина-Буда, 01332",+380 (71) 276-17-27,sviatoslava32@example.net
Пилипенко,Єлисей,Русланович,Чоловіча,11.07.1987,Backend розробник,селище Володимир-Волинський,"сквер Хлібна гавань, буд. 6, Миколаїв, 38364",+380 19 326 76 03,dziubadanna@example.com
Усик,Соломія,Артемівна,Жіноча,31.05.1983,Backend розробник,село Привілля,"узвіз Андрія Сови, буд. 558, Нове Давидково, 79153",+380 58 537-60-26,ostap95@example.org
Сімашкевич,Макар,Вікторович,Чоловіча,04.07.1997,Системний адміністратор,місто Дніпрорудне,"площа Західний 1-й, буд. 17, Вашківці, 80416",044 914 50 28,sshyian@example.com
Ґжицький,Мартин,Денисович,Чоловіча,21.10.2007,Системний адміністратор,хутір Славутич,"парк Китобійний 2-й, буд. 1, Коростень, 49010",+380 27 478-20-54,batiukboryslav@example.org
Вишняк,Вʼячеслав,Тарасович,Чоловіча,02.09.2011,UI/UX дизайнер,село Апостолове,"провулок Безіменний, буд. 476 кв. 5, Вашківці, 69112",766-04-79,iushchenkoadam@example.net
Козаченко,Миколай,Андрійович,Чоловіча,03.10.1950,DevOps інженер,місто Золотоноша,"сквер Танфільєва, буд. 180, Яворів, 47890",883-65-22,valentynisaienko@example.com
Гук,Олександр,Денисович,Чоловіча,03.11.1989,Backend розробник,село Угнів,"провулок Наявний 7-й, буд. 534, Чугуїв, 10328",+380 87 755-13-56,khoma19@example.net
Бабко,Опанас,Тарасович,Чоловіча,24.07.1952,Системний адміністратор,село Вашківці,"узвіз Восьмого Березня Лінія 1-ша, буд. 762 кв. 8, Вільнянськ, 30157",095 127-47-60,amaliiarudko@example.net
Тригуб,Леонтій,Вікторович,Чоловіча,14.12.2000,Backend розробник,хутір Ічня,"площа Тупиковий 2-й, буд. 393 кв. 022, Чугуїв, 82890",+380 49 399-55-07,ozhurba@example.net
Девдюк,Ігор,Євгенович,Чоловіча,12.02.1995,Системний адміністратор,село Снігурівка,"набережна Азербайджан, буд. 21 кв. 4, Лисичанськ, 92734",+380 37 303-80-54,holykirena@example.org
Демʼянчук,Леонід,Русланович,Чоловіча,09.07.1979,Аналітик,хутір Краматорськ,"шосе Селищна, буд. 6 кв. 13, Валки, 56975",+380 57 426-50-10,oksana36@example.org
Єрченко,Дарина,Русланівна,Жіноча,18.03.1993,Системний адміністратор,місто Вільнянськ,"узвіз Відважних, буд. 6 кв. 274, Зеленодольськ, 10095",+380 16 487-61-75,pshvachka@example.net
Перебийніс,Михайлина,Павлівна,Жіноча,15.10.2000,Системний адміністратор,село Судак,"парк Восьмого березня 8-й, буд. 987, Ужгород, 39150",+380 98 636 22 17,les55@example.org
Скопенко,Віолетта,Максимівна,Жіноча,25.08.1977,UI/UX дизайнер,селище Курахове,"узвіз Миколи Костомарова, буд. 66 кв. 75, Соснівка, 21096",841 62 32,kartiushenko@example.com
Скирда,Юхим,Віталійович,Чоловіча,28.11.1960,Backend розробник,місто Дунаївці,"парк Заводська, буд. 2, Бориспіль, 77872",+380 96 429-91-33,qpustovit@example.net
Стець,Наталія,Вікторівна,Жіноча,19.02.1995,Тестувальник,селище Кальміуське,"проспект Лїнія 1-ша, буд. 4 кв. 2, Переяслав, 07101",063 911-21-13,volodymyra42@example.com
Остапчук,Панас,Сергійович,Чоловіча,06.09.1972,DevOps інженер,село Перемишляни,"узвіз Варненська, буд. 306 кв. 825, Тячів, 64532",+380 79 698-35-56,nadiiasymonenko@example.net
Вакуленко,Ярослав,Олексійович,Чоловіча,19.06.1950,Системний адміністратор,селище Дубно,"площа Шовкуненка, буд. 960, Луганськ, 07054",760-30-06,rostyslavredko@example.org
Шеремета,Анжела,Володимирівна,Жіноча,11.12.1964,Backend розробник,хутір Керч,"площа Маріупольська, буд. 06, Очаків, 90315",052 371-31-25,heorhii04@example.org
Кащенко,Вікторія,Олексіївна,Жіноча,26.03.1990,Системний адміністратор,селище Луцьк,"набережна 2-га Лінія 4-ї ст. Люстдорфської дороги, буд. 62 кв. 66, Сторожинець, 81140",+380 06 576 14 43,tpetrenko@example.org
Дзиндра,Ірина,Вікторівна,Жіноча,16.04.1977,DevOps інженер,селище Ржищів,"узвіз Панченка, буд. 352, Сновськ, 52794",+380 76 720-67-51,varfolomii89@example.org
Авраменко,Любов,Сергіївна,Жіноча,28.09.1987,Аналітик,хутір Бібрка,"проспект Радіо, буд. 274, Часів Яр, 57100",057 845-11-10,allabezditko@example.com
Піддубний,Остап,Іванович,Чоловіча,16.12.1982,UI/UX дизайнер,місто Бердичів,"узвіз Парашутний, буд. 74, Жовква, 75244",+380 75 801 01 55,okhrymovychleonid@example.org
Юхименко,Василь,Іванович,Чоловіча,20.03.1949,Системний адміністратор,селище Хоростків,"площа Наявний 7-й, буд. 600, Зимогір'я, 99686",376-71-08,xbaran@example.net
Фесенко,Марія,Іванівна,Жіноча,24.01.1972,DevOps інженер,село Моршин,"вулиця Лиманчик 2-й Лінія 8-ма, буд. 10, Дружківка, 83435",888-97-60,ilienkotymofii@example.net
Масоха,Ілля,Русланович,Чоловіча,26.06.1949,Аналітик,селище Чорнобиль,"вулиця Аркадійська, буд. 8 кв. 2, Пирятин, 25485",618-25-48,hryhorii99@example.org
Фурс,Левко,Русланович,Чоловіча,28.03.1997,Backend розробник,хутір Олешки,"проспект Василя Берладяну, буд. 96, Снятин, 25576",+380 (11) 395-33-93,panteleimon57@example.com
Івасюк,Олесь,Віталійович,Чоловіча,19.03.1976,DevOps інженер,місто Щолкіне,"провулок Петра Біциллі, буд. 77, Костянтинівка, 60607",475-37-46,hatamanchuk@example.net
Євдокименко,Михайлина,Степанівна,Жіноча,04.02.2003,Системний адміністратор,хутір Полонне,"шосе Рибальська балка, буд. 9, Городок, 48510",+380 66 313 63 67,zvashchenko@example.org
Ярош,Данна,Вікторівна,Жіноча,17.10.1976,Аналітик,хутір Рудки,"вулиця Рози вітрів, буд. 8, Олександрія, 23177",+380 (27) 999-79-49,avreliimasokha@example.com
Колодуб,Світлана,Іванівна,Жіноча,16.04.1970,Тестувальник,селище Комарно,"парк Бахмутська, буд. 275, Білопілля, 25295",011 748-24-58,olhadziuba@example.net
Бандера,Іван,Петрович,Чоловіча,02.04.2008,DevOps інженер,місто Золоте,"узвіз Радісна, буд. 819, Новоукраїнка, 07696",+380 (99) 194-11-35,iakivdanko@example.net
Супруненко,Трохим,Денисович,Чоловіча,24.06.1994,Тестувальник,хутір Хутір-Михайлівський,"парк Флейтовий, буд. 584 кв. 102, Перемишляни, 87566",+380 (16) 794-61-50,hryhorii40@example.net
Єременко,Симон,Богданович,Чоловіча,06.12.1998,Backend розробник,місто Кременець,"набережна Польовий 1-й, буд. 132, Кобеляки, 33017",011 345-21-01,priskazhuchenko@example.com
Оніщук,Яків,Володимирович,Чоловіча,03.01.1973,Backend розробник,селище Білопілля,"вулиця Водопровідний 3-й, буд. 6, Тлумач, 93363",097 201-07-83,priska40@example.org
Хоменко,Кирило,Вікторович,Чоловіча,08.09.1975,UI/UX дизайнер,хутір Токмак,"сквер Біржова, буд. 31 кв. 855, Корсунь-Шевченківський, 85202",+380 65 298-60-56,ivanoliinyk@example.net
Дейсун,Оксана,Іванівна,Жіноча,16.07.2007,Тестувальник,село Глобине,"набережна Болградська, буд. 5 кв. 4, Керч, 26682",724 90 42,uhavriushenko@example.org
Андрієвич,Давид,Євгенович,Чоловіча,22.01.1993,Системний адміністратор,селище Нова Каховка,"узвіз Чумацька, буд. 44 кв. 910, Василівка, 42915",034 439 30 79,volodymyra01@example.com
Верховинець,Ігор,Тарасович,Чоловіча,05.11.1987,Backend розробник,село Яготин,"узвіз Михайла Омеляновича-Павленка, буд. 3, Кіцмань, 17512",+380 26 334 71 98,vernyhorakyrylo@example.org
Гаврюшенко,Світлана,Тарасівна,Жіноча,01.05.2009,Аналітик,хутір Зеленодольськ,"вулиця Сергія Ейзенштейна, буд. 207 кв. 59, Горішні Плавні, 90886",026 118 66 64,karpenkosviatoslava@example.net
Цимбалюк,Лілія,Денисівна,Жіноча,26.09.2001,UI/UX дизайнер,село Вашківці,"площа Тополина, буд. 746 кв. 793, Яготин, 56965",+380 59 997 65 75,viktoriia23@example.net
Бевз,Златослава,Артемівна,Жіноча,06.10.1998,DevOps інженер,хутір Носівка,"площа Моторна, буд. 81, Амвросіївка, 52113",+380 68 300-89-06,talanvarvara@example.com
Байда,Анжела,Денисівна,Жіноча,11.10.1958,Системний адміністратор,місто Волноваха,"набережна Бориса Едуардса, буд. 78, Могилів-Подільський, 76738",+380 04 910 91 93,valentyna58@example.com
Бабариченко,Богуслава,Віталіївна,Жіноча,09.01.1972,UI/UX дизайнер,місто Березань,"вулиця Текстильників, буд. 53, Волноваха, 30500",+380 51 638-54-95,wumanets@example.net
Швачко,Ганна,Михайлівна,Жіноча,16.05.1973,Аналітик,село Харцизьк,"площа Різницький, буд. 297 кв. 656, Мелітополь, 74040",+380 63 879-96-71,nzabara@example.com
Акименко,Олекса,Михайлович,Чоловіча,30.06.1998,Аналітик,селище Бунге,"площа Сергія Ядова, буд. 2 кв. 64, Новодністровськ, 87192",+380 57 485-80-58,bairaktetiana@example.org
Абрамчук,Оксенія,Андріївна,Жіноча,23.04.1958,Backend розробник,селище Біла Церква,"проспект Опішнянський, буд. 41 кв. 79, Токмак, 18405",+380 (82) 342-94-84,korolenkoanzhela@example.com
Лагода,Євген,Денисович,Чоловіча,31.01.1971,Системний адміністратор,хутір Перемишляни,"парк Миколи Пильчикова, буд. 5, Маріуполь, 25064",+380 (59) 000-55-78,teodor02@example.com
Андрійович,Єлисавета,Тарасівна,Жіноча,14.07.1964,Backend розробник,місто Липовець,"узвіз Дігтярна, буд. 5 кв. 99, Бережани, 11082",+380 31 359-90-40,dannaprytula@example.com
Прокопович,Антон,Максимович,Чоловіча,13.08.2009,DevOps інженер,селище Рогатин,"узвіз Пісочний, буд. 9, Сміла, 82550",694 75 27,ldubyna@example.com
Алексеєнко,Едита,Володимирівна,Жіноча,04.04.1956,Тестувальник,селище Білогірськ,"набережна Педагогічний, буд. 9 кв. 6, Любомль, 18285",258 35 27,otelychenko@example.org
Бандера,Варфоломій,Тарасович,Чоловіча,06.12.2007,UI/UX дизайнер,хутір Олешки,"парк Кипарисний 3-й, буд. 4 кв. 89, Коростишів, 89256",+380 01 723-22-05,olenadrozdenko@example.com
Наливайко,Варвара,Андріївна,Жіноча,10.04.1947,UI/UX дизайнер,хутір Інкерман,"сквер Цимлянська, буд. 34 кв. 2, Вознесенськ, 71360",087 699-49-29,tkopytko@example.org
Дрозденко,Едита,Русланівна,Жіноча,16.06.2009,Системний адміністратор,село Харцизьк,"узвіз Кленова, буд. 415, Чигирин, 07621",257 61 46,albinavermenych@example.org
Євдокименко,Єва,Тарасівна,Жіноча,02.02.1985,UI/UX дизайнер,хутір Дебальцеве,"парк Відважних, буд. 742 кв. 183, Погребище, 89411",070 597-23-25,rostyslavhaivoronskyi@example.com
Забашта,Федір,Павлович,Чоловіча,28.02.1980,Системний адміністратор,селище Кадіївка,"шосе Супутників, буд. 462 кв. 883, Торецьк, 59516",060 587-97-99,liudmyla17@example.com
Шахрай,Яків,Євгенович,Чоловіча,21.10.2004,Backend розробник,село Рені,"провулок Світла, буд. 90 кв. 224, Горлівка, 63775",+380 (72) 164-85-04,davydshvachko@example.net
Шморгун,Хома,Володимирович,Чоловіча,21.12.1957,Аналітик,хутір Ланівці,"набережна Лінія 27-ма, буд. 694, Генічеськ, 36074",+380 07 712-87-89,udovenkopanas@example.org
Рудик,Борислав,Максимович,Чоловіча,13.11.1996,UI/UX дизайнер,місто Берестин,"шосе Лінія 52-га, буд. 129 кв. 292, Слов'янськ, 46411",668 41 73,avhustyn14@example.org
Олійник,Охрім,Вікторович,Чоловіча,31.08.1958,DevOps інженер,хутір Мерефа,"набережна Скляний 3-й, буд. 7, Василівка, 78997",022 912 23 15,barannykstepan@example.net
Євтушок,Орхип,Денисович,Чоловіча,23.03.1999,Тестувальник,місто Ковель,"узвіз Зоряна, буд. 7, Енергодар, 22953",+380 86 654-44-71,jbalaban@example.net
Скопенко,Соломон,Олексійович,Чоловіча,03.10.1966,UI/UX дизайнер,село Остер,"узвіз Євгена Крамаренка, буд. 283, Горохів, 88357",266 30 31,martachubai@example.org
Александренко,Соломон,Тарасович,Чоловіча,07.06.2007,Аналітик,селище Горохів,"провулок Ярморочна площа, буд. 8 кв. 212, Добропілля, 87128",068 636-28-09,leopoldbabak@example.com
Рубець,Павло,Михайлович,Чоловіча,28.10.1994,DevOps інженер,село Алушта,"шосе Пересипський 1-й, буд. 768 кв. 030, Сокиряни, 94644",+380 (83) 810-80-54,ladamenko@example.org
Шевченко,Клавдія,Михайлівна,Жіноча,14.01.1968,Backend розробник,село Ковель,"провулок Обсерваторний, буд. 39 кв. 6, Костопіль, 44358",+380 (36) 772-03-32,whavryliv@example.org
Гаврилюк,Руслан,Олексійович,Чоловіча,30.05.1975,Системний адміністратор,село Апостолове,"проспект Північний, буд. 854 кв. 64, Синельникове, 13731",+380 48 010 47 14,solomon86@example.net
Романчук,Амвросій,Петрович,Чоловіча,08.08.1948,Системний адміністратор,селище Переяслав,"провулок Палубний, буд. 0 кв. 0, Полонне, 43713",+380 (17) 599-18-37,viterboryslav@example.com
Башполченко,Богодар,Тарасович,Чоловіча,18.09.1960,Тестувальник,село Рівне,"узвіз Лузанівська, буд. 2, Родинське, 76958",+380 21 987-68-78,nataliia77@example.net
Стус,Борислав,Сергійович,Чоловіча,04.04.2008,Backend розробник,хутір Камінь-Каширський,"провулок Лузанівка, буд. 9, Миронівка, 60849",+380 (41) 536-49-35,liudmyla10@example.net
Вітрук,Демʼян,Тарасович,Чоловіча,02.12.1949,DevOps інженер,місто Любомль,"шосе Дача Ковалевського, буд. 2 кв. 21, Дружківка, 92397",+380 (13) 565-58-66,lturkalo@example.com
Колісниченко,Орхип,Олегович,Чоловіча,10.07.1994,Системний адміністратор,селище Славутич,"вулиця Лінія 32-га, буд. 952, Новий Калинів, 23281",+380 49 932-59-92,priskaiaremchuk@example.com
Андрієвич,Руслан,Степанович,Чоловіча,27.03.2009,Тестувальник,село Носівка,"набережна Ніжинська, буд. 92, Волочиськ, 92408",022-96-45,adamenkoamvrosii@example.net
Медведенко,Микита,Артемович,Чоловіча,20.12.2001,Тестувальник,хутір Зміїв,"проспект Анатолія Бачинського, буд. 454 кв. 615, Обухів, 16062",098 06 43,volodymyra36@example.org
Бабенко,Болеслав,Сергійович,Чоловіча,16.07.1992,Системний адміністратор,селище Новий Калинів,"шосе Цукровий, буд. 169, Жовква, 31431",035 515 82 89,rozaliia92@example.net
Дашкевич,Яків,Сергійович,Чоловіча,27.03.1947,Тестувальник,місто Звенигородка,"площа Тепла, буд. 366 кв. 383, Лисичанськ, 93799",+380 82 307 58 99,anita89@example.org
Ющенко,Тимофій,Богданович,Чоловіча,06.12.1946,Аналітик,село Очаків,"парк Савицький, буд. 43, Балаклія, 02274",466-31-41,irena86@example.net
Опанасенко,Августин,Олегович,Чоловіча,19.12.1974,DevOps інженер,місто Теплодар,"парк Трибуни героїв, буд. 33 кв. 6, Павлоград, 29600",+380 (49) 764-34-49,mykhailovakhnii@example.org
Ющенко,Кирило,Вікторович,Чоловіча,05.07.2010,Тестувальник,село Вільнянськ,"проспект Овідіопольський, буд. 9 кв. 66, Вільногірськ, 99984",643-21-45,valentyn25@example.com
Ґалаґан,Августин,Тарасович,Чоловіча,09.01.1949,Системний адміністратор,село Ялта,"узвіз Лінія 44-та, буд. 4, Дніпро, 47378",168 69 74,rbandura@example.org
Гавришкевич,Амалія,Віталіївна,Жіноча,25.01.1966,Тестувальник,село Лозова,"вулиця Степний 2-й, буд. 5 кв. 3, Сіверськодонецьк, 79959",069 369 88 61,marusiavernyhora@example.net
Тичина,Назар,Степанович,Чоловіча,21.11.2005,Тестувальник,хутір Бахмут,"провулок Бутишів, буд. 2 кв. 1, Кипуче, 89190",228 74 19,korbutokseniia@example.com
Ващенко-Захарченко,Макар,Денисович,Чоловіча,20.01.1980,Аналітик,селище Дніпро,"вулиця Пересипська 1-ша, буд. 3, Добромиль, 84159",+380 09 087 87 16,ada24@example.org
Ващенко,Трохим,Петрович,Чоловіча,22.12.2000,Системний адміністратор,місто Феодосія,"провулок 7-ма Лінія Дачі Ковалевського, буд. 93, Волочиськ, 13293",+380 67 455-14-72,darynabaida@example.org
Рубан,Анастасія,Володимирівна,Жіноча,01.10.1969,Системний адміністратор,село Вижниця,"площа Літературна, буд. 5, Ананьїв, 37669",044 604 13 43,borys53@example.com
Павличенко,Зорян,Юрійович,Чоловіча,16.03.1991,Системний адміністратор,місто Чоп,"шосе Тарутинська, буд. 8, Глобине, 33635",+380 95 014-20-96,marta93@example.com
Вишняк,Соломія,Андріївна,Жіноча,03.01.1996,Аналітик,селище Авдіївка,"набережна Лінія 30-та, буд. 144 кв. 381, Ясинувата, 77337",+380 06 056 19 73,vanchenkoarkadii@example.org
Уманець,Костянтин,Богданович,Чоловіча,10.05.1995,Тестувальник,хутір Шпола,"узвіз Самодіяльна, буд. 0 кв. 5, Красногорівка, 74047",+380 (16) 955-91-23,stepancharnysh@example.org
Дуплій,Марія,Євгенівна,Жіноча,07.10.1986,DevOps інженер,місто Чугуїв,"сквер Венгера, буд. 984 кв. 11, Чоп, 64873",+380 (52) 697-73-50,skonoplia@example.com
Забашта,Ростислав,Денисович,Чоловіча,29.11.1952,Backend розробник,село Костянтинівка,"набережна Аптекарський, буд. 54, Сватове, 31943",658-52-73,klymentchaika@example.org
Ярош,Арсен,Євгенович,Чоловіча,29.09.1966,DevOps інженер,місто Батурин,"проспект Чехівського, буд. 51 кв. 850, Ічня, 03540",566-46-13,romanshtepa@example.com
Голобородько,Одарка,Сергіївна,Жіноча,06.08.1968,Аналітик,хутір Ковель,"узвіз Тарутинська, буд. 95, Дніпро, 30638",+380 62 716-40-20,solomonandrusenko@example.com
Кальченко,Сергій,Русланович,Чоловіча,08.01.1997,Backend розробник,селище Харків,"набережна Ювілейний 1-й, буд. 715 кв. 4, Пирятин, 40715",026 801-86-23,okseniiasirchenko@example.com
Удовенко,Антон,Максимович,Чоловіча,25.06.1985,DevOps інженер,селище Збараж,"набережна Петра Лещенка, буд. 37, Бровари, 20071",+380 95 070-47-08,tzaporozhets@example.net
Саченко,Одарка,Євгенівна,Жіноча,24.03.2003,UI/UX дизайнер,місто Волочиськ,"проспект Чорноморський 4-й, буд. 671 кв. 207, Красилів, 85425",+380 38 263-21-52,eandriievych@example.net
Свистун,Тетяна,Віталіївна,Жіноча,30.03.2008,Аналітик,хутір Гуляйполе,"набережна Маковий, буд. 5, Белз, 91952",590 80 19,oleksandrmazur@example.org
Ґерус,Віолетта,Віталіївна,Жіноча,22.03.2006,DevOps інженер,хутір Токмак,"узвіз Миколи Боровського, буд. 979 кв. 0, Заставна, 01336",+380 (97) 633-37-92,danyliukihnat@example.org
Панчук,Юстина,Сергіївна,Жіноча,27.11.2001,Backend розробник,селище Пирятин,"шосе Розумовський 2-й, буд. 2, Щастя, 65471",794-99-31,amvrosiivertyporokh@example.net
Заєць,Богдан,Олегович,Чоловіча,13.10.1959,Аналітик,селище Любомль,"парк Скрипковий, буд. 639, Турка, 58924",038 901 82 15,zakharenkovenedykt@example.org
Заїка,Геннадій,Володимирович,Чоловіча,04.04.1996,DevOps інженер,селище Оріхів,"набережна Учнівська, буд. 89, Кипуче, 51719",+380 (05) 320-02-78,ivan60@example.com
Цюцюра,Азар,Тарасович,Чоловіча,29.12.1969,Аналітик,село Сіверськ,"узвіз 12-та Лінія 6-й ст. Люстдорфської дороги, буд. 5 кв. 956, Отаманівка, 10623",+380 04 547-88-11,uzaiets@example.net
Давиденко,Ярослав,Євгенович,Чоловіча,22.12.2006,Аналітик,хутір Вишневе,"парк Поїзна, буд. 5, Новомиргород, 95596",065 667 96 99,aatamanchuk@example.com
Цибуленко,Микита,Степанович,Чоловіча,29.08.2010,DevOps інженер,селище Перевальськ,"парк Український 2-й, буд. 894, Сторожинець, 83549",+380 90 908-11-58,taras03@example.net
Нестеренко,Климент,Олегович,Чоловіча,19.03.1969,DevOps інженер,місто Іршава,"шосе Малинова, буд. 0 кв. 42, Щолкіне, 07470",+380 27 853-23-33,lemeshkoborys@example.com
Свистун,Яків,Олегович,Чоловіча,02.09.1973,Аналітик,хутір Бахмут,"вулиця 4-та Лінія Марії Демченко, буд. 2, Болехів, 33948",+380 24 632-85-85,ichekaliuk@example.com
Акименко,Устим,Володимирович,Чоловіча,15.05.1958,Backend розробник,село Носівка,"узвіз Траса Здоров'я, буд. 205, Дергачі, 18871",+380 13 122-76-54,tkachenkolukian@example.org
Батіг,Ігор,Євгенович,Чоловіча,12.03.1958,Системний адміністратор,село Почаїв,"узвіз Віталія Блажка, буд. 413 кв. 0, Коломия, 99490",+380 01 222 02 05,lmiroshnychenko@example.net
Авраменко,Анастасія,Петрівна,Жіноча,01.01.1994,UI/UX дизайнер,місто Василівка,"площа Геранієва, буд. 320 кв. 696, Лозова, 09223",074 667 74 23,ivanchenkosolomon@example.com
Лаба,Ярослава,Іванівна,Жіноча,06.08.1974,Аналітик,село Нова Одеса,"проспект 11-ша Лінія 6-й ст. Люстдорфської дороги, буд. 063 кв. 66, Куп'янськ, 75057",511 54 95,chekaliukhavrylo@example.net
Годунок,Тереза,Олексіївна,Жіноча,01.01.1972,Backend розробник,селище Святогірськ,"узвіз Саймона Літмана, буд. 0, Моспине, 89485",+380 (97) 854-90-11,albinavlasenko@example.com
Гресь,Віолетта,Володимирівна,Жіноча,08.05.1992,UI/UX дизайнер,місто Долинська,"проспект Байкал тупик, буд. 8 кв. 8, Заводське, 45977",351 89 92,babiakvolodymyra@example.com
Тесленко,Пармен,Михайлович,Чоловіча,06.09.1987,Backend розробник,село Маріуполь,"шосе Заньковецької, буд. 3 кв. 69, Борщів, 20713",262 98 49,bohdanmamchur@example.com
Ґжицький,Левко,Михайлович,Чоловіча,11.04.1989,DevOps інженер,селище Хоростків,"шосе Виноградна 1-ша, буд. 56 кв. 605, Суходільськ, 46110",+380 69 405-79-72,rchornovil@example.com
Чарниш,Світлана,Вікторівна,Жіноча,31.08.2008,DevOps інженер,селище Южноукраїнськ,"площа Мала Арнаутська, буд. 3 кв. 493, Овруч, 37707",+380 60 373-17-17,leonid38@example.com
Мірошниченко,Панас,Андрійович,Чоловіча,07.07.1951,Тестувальник,селище Хуст,"узвіз Флотський 2-й, буд. 557, Охтирка, 31304",034 715-88-08,ykybkalo@example.net
Саєнко,Розалія,Павлівна,Жіноча,01.04.1985,UI/UX дизайнер,місто Кальміуське,"провулок Чорноморський 9-й, буд. 69, Хутір-Михайлівський, 03836",046 980-44-24,hanna34@example.com
Свистун,Соломія,Євгенівна,Жіноча,14.11.1990,DevOps інженер,місто Жовква,"парк Підйомний, буд. 751, Дубляни, 02729",074 265-80-60,symonenkomartyn@example.net
Кармалюк,Валентин,Михайлович,Чоловіча,27.08.2003,DevOps інженер,місто Бережани,"провулок Соляний 2-й, буд. 27, Чигирин, 61967",075 922 39 98,davydenkoedyta@example.com
Яремків,Оксенія,Володимирівна,Жіноча,29.10.1950,Системний адміністратор,місто Маріуполь,"сквер Андрія Музичка, буд. 889 кв. 55, Зимогір'я, 74377",072 894 99 36,oleksaartiushenko@example.com
Корбут,Ярослава,Віталіївна,Жіноча,21.09.1969,Аналітик,селище Енергодар,"проспект Новий, буд. 28, Новий Розділ, 95401",+380 51 415-83-84,nnehoda@example.com
Кабаненко,Стефан,Андрійович,Чоловіча,06.08.1968,Тестувальник,хутір Таврійськ,"шосе Мусіна, буд. 74, Жмеринка, 95899",579 80 31,sbezditko@example.com
Баранець,Наталія,Павлівна,Жіноча,11.07.1995,DevOps інженер,хутір Яворів,"провулок Грузовий, буд. 81, Пирятин, 74800",575 97 49,lchumachenko@example.net
Ребрик,Валерій,Андрійович,Чоловіча,30.10.1952,Системний адміністратор,місто Радехів,"проспект Лінія 50-та, буд. 132 кв. 71, Борщів, 29872",+380 35 874-19-45,tymofii51@example.org
Девдюк,Валентина,Володимирівна,Жіноча,18.10.1983,UI/UX дизайнер,хутір Остер,"провулок Аеропортівський 2-й, буд. 58, Світловодськ, 53753",041 110 03 47,boleslav72@example.org
Андрійчук,Юхим,Степанович,Чоловіча,09.06.1957,Тестувальник,хутір Новогродівка,"провулок Почаївська, буд. 184 кв. 461, Костопіль, 54266",+380 (87) 290-51-80,zorian08@example.net
Мазепа,Павло,Іванович,Чоловіча,22.01.1990,Системний адміністратор,хутір Берислав,"провулок Вернидуба, буд. 68, Славута, 08913",+380 39 407-31-24,pylypenkonazar@example.org
Базилевська,Оксенія,Петрівна,Жіноча,30.03.1961,Backend розробник,село Дунаївці,"сквер Шахтинський, буд. 39, Южноукраїнськ, 50350",+380 36 369-29-11,solomonhavryliuk@example.net
Шведченко,Антон,Михайлович,Чоловіча,02.01.2007,Аналітик,селище Кролевець,"провулок Горбатий міст, буд. 54 кв. 867, Інкерман, 55075",+380 48 010 77 83,andreikosolomiia@example.org
Ващук,Надія,Михайлівна,Жіноча,11.10.1985,Системний адміністратор,місто Кадіївка,"проспект Абрикосовий, буд. 05 кв. 50, Устилуг, 47730",033 325-13-13,ustymiurchuk@example.com
Цибуленко,Теодор,Русланович,Чоловіча,02.10.1962,UI/UX дизайнер,місто Суходільськ,"набережна Евлії Челебі, буд. 882, Звенигородка, 74769",+380 78 377-42-51,wvertyporokh@example.org
Тесля,Охрім,Денисович,Чоловіча,13.11.1969,Тестувальник,хутір Саки,"провулок Василя Кандинського 3-й, буд. 03 кв. 356, Ананьїв, 23419",098 070-42-75,kliashko@example.net
Запорожець,Олесь,Віталійович,Чоловіча,02.11.1977,Аналітик,селище Березань,"набережна 16-та Лінія 6-й ст. Люстдорфської дороги, буд. 94, Тетіїв, 62428",+380 47 519 10 56,terezachornovil@example.org
Бабійчук,Спас,Сергійович,Чоловіча,28.08.1948,UI/UX дизайнер,місто Снятин,"узвіз Соборна, буд. 76 кв. 0, Кипуче, 85383",+380 39 848-66-87,iustynabebeshko@example.org
Кабаненко,Світлана,Євгенівна,Жіноча,08.06.1991,Backend розробник,селище Гола Пристань,"узвіз Лесі Українки, буд. 23, Львів, 39211",077 154-15-63,zhalilobohdan@example.com
Влох,Тимофій,Тарасович,Чоловіча,02.06.1954,Backend розробник,хутір Вознесенівка,"шосе Дніпровська, буд. 63, Хуст, 02520",+380 81 744-26-72,mariana35@example.net
Гайворонський,Теодор,Олексійович,Чоловіча,27.08.1951,Тестувальник,хутір Южноукраїнськ,"проспект Степана Олійника узвіз, буд. 867 кв. 457, Ізмаїл, 61549",+380 96 016-20-73,andrii33@example.net
Швайка,Лариса,Степанівна,Жіноча,08.03.2011,UI/UX дизайнер,хутір Шостка,"вулиця Задніпровського, буд. 95, Рогатин, 35160",+380 98 852 86 77,vladyslavriabovil@example.com
Червоненко,Маруся,Артемівна,Жіноча,02.10.1969,Тестувальник,селище Волочиськ,"провулок Деревообробний 2-й, буд. 2, Болехів, 98543",+380 99 595-17-87,dakhnopanteleimon@example.org
Бабенко,Оксана,Вікторівна,Жіноча,07.06.1974,DevOps інженер,селище Мукачево,"шосе Ялинковий, буд. 8 кв. 9, Новоселиця, 24946",+380 (05) 352-56-19,semenkhrystych@example.com
Тарасенко,Еріка,Віталіївна,Жіноча,31.01.1963,Backend розробник,селище Житомир,"провулок Лінія 31-ша, буд. 68, Тячів, 02785",+380 (32) 655-31-03,odarka02@example.com
Бабко,Анастасія,Іванівна,Жіноча,01.11.1951,Аналітик,село Долинська,"шосе Митна, буд. 921 кв. 321, Генічеськ, 75074",+380 38 205-65-44,ustym93@example.net
Оліфіренко,Єва,Петрівна,Жіноча,10.09.1998,UI/UX дизайнер,село Новоазовськ,"парк Ніжинська, буд. 5, Вашківці, 49747",+380 70 327-25-68,qshamrai@example.com
Макогон,Василь,Петрович,Чоловіча,31.07.2000,Системний адміністратор,село Сміла,"узвіз Матроський узвіз, буд. 898 кв. 835, Сновськ, 65750",+380 (61) 187-91-20,miaremenko@example.com
Кириленко,Ярина,Іванівна,Жіноча,26.05.1960,Аналітик,місто Біляївка,"проспект Лінія 48-ма, буд. 11, Хирів, 14058",+380 58 679-66-99,skopenkohanna@example.net
Чуйко,Аніта,Артемівна,Жіноча,18.03.1976,DevOps інженер,хутір Шостка,"площа Максима Чайки, буд. 379 кв. 456, Стрий, 25888",+380 44 950-78-81,alevtynpetliura@example.net
Дуплій,Владислав,Юрійович,Чоловіча,06.10.1987,UI/UX дизайнер,місто Кодима,"парк Жолкова Бориса, буд. 5 кв. 457, Березне, 02047",+380 (93) 275-40-00,danmakarenko@example.com
Вергун,Климент,Павлович,Чоловіча,10.02.2003,DevOps інженер,село Куп'янськ,"провулок Кладовищний, буд. 666 кв. 29, Шептицький, 07092",+380 (88) 007-32-34,orynatiahnybok@example.com
Петлюра,Богодар,Володимирович,Чоловіча,22.07.1958,DevOps інженер,хутір Чистякове,"узвіз 3-тя Лінія 6-й ст. Люстдорфської дороги, буд. 15, Жовті Води, 30776",084 268-32-62,huzmariana@example.net
Вернигора,Маруся,Сергіївна,Жіноча,20.03.1999,Аналітик,місто Коломия,"шосе Естонська, буд. 43, Вовчанськ, 38860",+380 57 848-99-16,mriaboshapka@example.com
Притула,Віолетта,Євгенівна,Жіноча,03.06.1982,Backend розробник,місто Кролевець,"узвіз Ювілейний 1-й, буд. 92, Харцизьк, 89112",+380 70 944-61-76,mdzhus@example.org
Ванченко,Христина,Юріївна,Жіноча,21.10.1992,Тестувальник,хутір Заставна,"проспект 15-та ст. Великого Фонтану пляж, буд. 303, Українськ, 90517",+380 31 202-25-21,irena54@example.net
Корж,Орина,Русланівна,Жіноча,21.04.1951,Тестувальник,місто Полонне,"площа Садова 6-та, буд. 2, Шумськ, 42550",+380 (20) 577-69-97,matiashlukian@example.com
Пустовіт,Надія,Вікторівна,Жіноча,29.07.1951,Аналітик,селище Городенка,"площа Миколи Гумільова, буд. 7 кв. 6, Тростянець, 50098",+380 (62) 869-80-55,zaichenkoliza@example.org
Рева,Володимира,Богданівна,Жіноча,05.02.1981,UI/UX дизайнер,село Яворів,"проспект Аеропортівський 5-й, буд. 66, Бурштин, 50918",029 998-55-43,haidaidanna@example.com
Ющенко,Давид,Олексійович,Чоловіча,26.04.1973,Системний адміністратор,хутір Ужгород,"вулиця Вознесенський, буд. 42, Умань, 57202",223-76-15,pavlo01@example.org
Саченко,Сергій,Вікторович,Чоловіча,19.09.1999,UI/UX дизайнер,селище Зіньків,"парк Дача Ковалевського, буд. 1, Миронівка, 48967",130-26-85,artem50@example.com
Опанасенко,Оксенія,Максимівна,Жіноча,10.05.1986,DevOps інженер,село Авдіївка,"провулок Юрія Кондратюка, буд. 221 кв. 623, Яворів, 76705",+380 34 471-48-37,ggerus@example.org
Павленко,Мартин,Іванович,Чоловіча,13.02.2005,Аналітик,хутір Вільнянськ,"сквер Моторний 2-й, буд. 2, Шепетівка, 47928",+380 43 104-07-71,anastasiiadankevych@example.org
Бандурка,Нестор,Євгенович,Чоловіча,05.11.1985,Системний адміністратор,село Рудки,"провулок Роздольна, буд. 9 кв. 2, Збараж, 67557",099 029-93-07,tymofii00@example.net
Рябошапка,Устим,Богданович,Чоловіча,24.01.1949,Backend розробник,хутір Керч,"сквер Олександра Юрженка, буд. 236, Вуглегірськ, 89643",+380 27 288-29-54,zskoryk@example.org
Яремко,Лілія,Олексіївна,Жіноча,17.02.1955,Тестувальник,селище Пирятин,"вулиця Князя Ярослава Мудрого, буд. 43 кв. 413, Макіївка, 03796",+380 (62) 343-82-60,mykhailokhorishko@example.com
Андрейко,Борислав,Максимович,Чоловіча,11.03.1997,Системний адміністратор,село Старокостянтинів,"набережна Верф’яний, буд. 23, Миронівка, 03268",680 26 74,mykhailo30@example.com
Карась,Ліза,Сергіївна,Жіноча,25.08.1954,Backend розробник,місто Зміїв,"набережна Теофіла Фраєрмана, буд. 725 кв. 392, Синельникове, 28633",+380 89 751-79-15,boleslavkadeniuk@example.org
Джус,Оксенія,Вікторівна,Жіноча,12.12.1956,UI/UX дизайнер,селище Кролевець,"шосе Лиманчик 2-й Лінія 2-га, буд. 074, Хирів, 87029",+380 01 218-90-41,rvernydub@example.org
Яценко,Захар,Тарасович,Чоловіча,27.08.1946,Аналітик,село Нетішин,"набережна Топольського, буд. 6 кв. 4, Новояворівськ, 54003",+380 (13) 660-26-15,myron38@example.net
Шелест,Мирослав,Андрійович,Чоловіча,26.04.1991,Тестувальник,село Новогродівка,"площа Почаївська, буд. 5, Сіверськ, 73658",935-45-52,anastasiiasatsiuk@example.net
Стельмах,Стефан,Денисович,Чоловіча,23.10.1992,Аналітик,хутір Самбір,"шосе Пересипська 5-та, буд. 1, Дрогобич, 97451",031-80-49,hryhorii80@example.org
Скоробогатько,Прохір,Максимович,Чоловіча,05.07.1979,Системний адміністратор,місто Лебедин,"вулиця Сергія Параджанова, буд. 7, Кам'янець-Подільський, 12700",+380 (03) 599-92-29,kostiantynishchenko@example.com
Тарасенко,Богуслава,Максимівна,Жіноча,06.12.1981,Backend розробник,місто Берестин,"узвіз Хімічний 2-й, буд. 2 кв. 65, Камінь-Каширський, 85567",217 44 56,valentynadanylchuk@example.com
Сич,Венедикт,Степанович,Чоловіча,06.01.1951,UI/UX дизайнер,хутір Славута,"провулок Бітумна, буд. 296 кв. 162, Татарбунари, 83595",+380 89 099 78 75,solomiiamasokha@example.org
Верховинець,Борислав,Артемович,Чоловіча,10.06.1995,Аналітик,місто Бар,"сквер Чорноморський 7-й, буд. 04, Львів, 18285",091 565 58 44,nestor86@example.org
Вітер,Гордій,Денисович,Чоловіча,06.09.1965,UI/UX дизайнер,село Донецьк,"вулиця Квантовий, буд. 45 кв. 0, Охтирка, 71116",290-24-96,ielysei01@example.org
Шморгун,Михайлина,Юріївна,Жіноча,15.01.2010,DevOps інженер,селище Знам'янка,"узвіз Лазурний 4-й, буд. 62 кв. 4, Конотоп, 95085",+380 95 813 17 74,oleksapushkar@example.org
Зубко,Леонід,Артемович,Чоловіча,21.04.1991,DevOps інженер,місто Білицьке,"площа Соляний 2-й, буд. 31, Новодружеськ, 92956",+380 15 217-95-27,larysa20@example.org
Атрощенко,Богуслава,Артемівна,Жіноча,20.04.1947,DevOps інженер,село Хотин,"сквер Новощіпний ряд, буд. 477, Запоріжжя, 44217",029 850 28 43,mykolai81@example.net
Гунько,Зорян,Юрійович,Чоловіча,23.05.1975,Системний адміністратор,селище Бурштин,"набережна Радісна, буд. 466, Торецьк, 77700",+380 16 636-91-13,shaievskyi@example.org
Козаченко,Руслан,Віталійович,Чоловіча,07.08.1983,DevOps інженер,хутір Сторожинець,"шосе Балтська дорога, буд. 4, Балта, 43728",052 531 09 03,vchumak@example.org
Бабійчук,Софія,Юріївна,Жіноча,03.03.1981,Аналітик,місто Святогірськ,"проспект Вітчизняна, буд. 0, Тернівка, 34479",+380 67 663-27-80,zakhar27@example.org
Ващенко-Захарченко,Максим,Богданович,Чоловіча,15.02.1952,Тестувальник,хутір Березань,"вулиця Бориса Едуардса, буд. 3 кв. 0, Кам'янське, 89948",+380 (49) 806-82-35,mykhailyna08@example.net
Романчук,Роксолана,Олексіївна,Жіноча,26.12.2003,DevOps інженер,село Старокостянтинів,"сквер Купріна, буд. 28, Нова Каховка, 74014",043 260-16-68,eduardzakusylo@example.net
Гузенко,Богодар,Денисович,Чоловіча,29.05.1984,Системний адміністратор,хутір Прип'ять,"сквер Павла Зеленого, буд. 3 кв. 2, Шептицький, 93233",+380 07 235-84-23,frantsvoblyi@example.net
Христенко,Августин,Юрійович,Чоловіча,18.01.1957,Тестувальник,село Скадовськ,"сквер Бригадна, буд. 92 кв. 1, Остер, 81483",+380 79 043 53 52,ualeksiichuk@example.com
Данилюк,Ганна,Іванівна,Жіноча,19.11.1991,UI/UX дизайнер,село Корюківка,"проспект Миколи Троїцького, буд. 929, Самбір, 51897",017 622-92-98,hordiidrobiazko@example.org
Дубас,Ірена,Сергіївна,Жіноча,08.10.1987,Аналітик,село Вінниця,"парк Штурманська, буд. 64 кв. 8, Федорівка, 68902",572-87-80,hshylo@example.com
